area_id,title,membership_id_winner,start_date,end_date,election_identifier
4,Diputación del Distrito Federal 1 de AGUASCALIENTES,-1,2021-04-04,2021-06-02,"MX-AGU-ASIENTOS,CALVILLO,COSIO,JESUS MARIA,PABELLON DE ARTEAGA,RINCON DE ROMOS,SAN JOSE DE GRACIA,TEPEZALA,SAN FRANCISCO DE LOS ROMO,EL LLANO-NATIONAL_LOWER-runoff-2021",
9,Diputación del Distrito Federal 1 de BAJA CALIFORNIA,-1,2021-04-04,2021-06-02,MX-BCN-MEXICALI-NATIONAL_LOWER-runoff-2021,
18,Diputación del Distrito Federal 1 de BAJA CALIFORNIA SUR,-1,2021-04-04,2021-06-02,"MX-BCS-COMONDU,MULEGE,LA PAZ,LORETO-NATIONAL_LOWER-runoff-2021",
36,Diputación del Distrito Federal 1 de CAMPECHE,-1,2021-04-04,2021-06-02,"MX-CAM-CAMPECHE,CALKINI,HECELCHAKAN,HOPELCHEN,TENABO,CALAKMUL,DZITBALCHE-NATIONAL_LOWER-runoff-2021",
50,Diputación del Distrito Federal 1 de CHIAPAS,-1,2021-04-04,2021-06-02,"MX-CHP-SABANILLA,SALTO DE AGUA,TILA,TUMBALA,YAJALON,CATAZAJA,LA LIBERTAD,PALENQUE-NATIONAL_LOWER-runoff-2021",
23,Diputación del Distrito Federal 1 de CHIHUAHUA,-1,2021-04-04,2021-06-02,MX-CHH-JUAREZ-NATIONAL_LOWER-runoff-2021,
80,Diputación del Distrito Federal 1 de CIUDAD DE MÉXICO,-1,2021-04-04,2021-06-02,MX-CMX-GUSTAVO A. MADERO-NATIONAL_LOWER-runoff-2021,
41,Diputación del Distrito Federal 1 de COAHUILA DE ZARAGOZA,-1,2021-04-04,2021-06-02,"MX-COA-ACU?A,JIMENEZ,MORELOS,NAVA,PIEDRAS NEGRAS,SAN JUAN DE SABINAS,ZARAGOZA-NATIONAL_LOWER-runoff-2021",
33,Diputación del Distrito Federal 1 de COLIMA,-1,2021-04-04,2021-06-02,"MX-COL-COLIMA,COMALA,COQUIMATLAN,CUAUHTEMOC,VILLA DE ALVAREZ-NATIONAL_LOWER-runoff-2021",
105,Diputación del Distrito Federal 1 de DURANGO,-1,2021-04-04,2021-06-02,"MX-DUR-CANELAS,DURANGO,MEZQUITAL,OTAEZ,PUEBLO NUEVO,SAN DIMAS,SANTIAGO PAPASQUIARO,SUCHIL,TAMAZULA,TEPEHUANES,TOPIA,VICENTE GUERRERO-NATIONAL_LOWER-runoff-2021",
121,Diputación del Distrito Federal 1 de ESTADO DE MÉXICO,-1,2021-04-04,2021-06-02,"MX-MEX-ACAMBAY DE RUIZ CASTA?EDA,ACULCO,CHAPA DE MOTA,JILOTEPEC,MORELOS,POLOTITLAN,SOYANIQUILPAN DE JUAREZ,TEMASCALCINGO,TIMILPAN,VILLA DEL CARBON-NATIONAL_LOWER-runoff-2021",
174,Diputación del Distrito Federal 1 de GUANAJUATO,-1,2021-04-04,2021-06-02,"MX-GUA-DOLORES HIDALGO CUNA DE LA INDEPENDENCIA NACIONAL,SAN LUIS DE LA PAZ,SANTA CATARINA,TIERRA BLANCA,VICTORIA,XICHU,ATARJEA,DOCTOR MORA-NATIONAL_LOWER-runoff-2021",
164,Diputación del Distrito Federal 1 de GUERRERO,-1,2021-04-04,2021-06-02,"MX-GRO-GENERAL CANUTO A. NERI,IXCATEOPAN DE CUAUHTEMOC,PEDRO ASCENCIO ALQUISIRAS,PUNGARABATO,SAN MIGUEL TOTOLAPAN,TELOLOAPAN,TLALCHAPA,TLAPEHUALA,ZIRANDARO,AJUCHITLAN DEL PROGRESO,APAXTLA,ARCELIA,COCULA,COYUCA DE CATALAN,CUETZALA DEL PROGRESO,CUTZAMALA DE PINZON-NATIONAL_LOWER-runoff-2021",
190,Diputación del Distrito Federal 1 de HIDALGO,-1,2021-04-04,2021-06-02,"MX-HID-CALNALI,HUAUTLA,HUAZALINGO,HUEJUTLA DE REYES,JALTOCAN,LOLOTLA,MOLANGO DE ESCAMILLA,SAN FELIPE ORIZATLAN,TEPEHUACAN DE GUERRERO,TIANGUISTENGO,TLANCHINOL,XOCHIATIPAN,XOCHICOATLAN,YAHUALICA,ATLAPEXCO-NATIONAL_LOWER-runoff-2021",
198,Diputación del Distrito Federal 1 de JALISCO,-1,2021-04-04,2021-06-02,"MX-JAL-AHUALULCO DE MERCADO,AMATITAN,SAN JUANITO DE ESCOBEDO,EL ARENAL,BOLA?OS,COLOTLAN,CUQUIO,CHIMALTITAN,ETZATLAN,HOSTOTIPAQUILLO,HUEJUCAR,HUEJUQUILLA EL ALTO,IXTLAHUACAN DEL RIO,MAGDALENA,MEZQUITIC,SAN CRISTOBAL DE LA BARRANCA,SAN MARCOS,SAN MARTIN DE BOLA?OS,SANTA MARIA DE LOS ANGELES,TALA,TEQUILA,TEUCHITLAN,TOTATICHE,VILLA GUERRERO-NATIONAL_LOWER-runoff-2021",
220,Diputación del Distrito Federal 1 de MICHOACÁN DE OCAMPO,-1,2021-04-04,2021-06-02,"MX-MIC-ARTEAGA,CHURUMUCO,GABRIEL ZAMORA,LA HUACANA,LAZARO CARDENAS,MUGICA,NUEVO URECHO,PARACUARO,TUMBISCATIO-NATIONAL_LOWER-runoff-2021",
233,Diputación del Distrito Federal 1 de MORELOS,-1,2021-04-04,2021-06-02,MX-MOR-CUERNAVACA-NATIONAL_LOWER-runoff-2021,
240,Diputación del Distrito Federal 1 de NAYARIT,-1,2021-04-04,2021-06-02,"MX-NAY-ACAPONETA,HUAJICORI,DEL NAYAR,ROSAMORADA,RUIZ,SAN BLAS,SANTIAGO IXCUINTLA,TECUALA,TUXPAN-NATIONAL_LOWER-runoff-2021",
245,Diputación del Distrito Federal 1 de NUEVO LEÓN,-1,2021-04-04,2021-06-02,"MX-NLE-SAN PEDRO GARZA GARCIA,SANTA CATARINA-NATIONAL_LOWER-runoff-2021",
258,Diputación del Distrito Federal 1 de OAXACA,-1,2021-04-04,2021-06-02,"MX-OAX-ACATLAN DE PEREZ FIGUEROA,AYOTZINTEPEC,COSOLAPA,LOMA BONITA,SAN JOSE CHILTEPEC,SAN JUAN BAUTISTA TUXTEPEC,SAN JUAN BAUTISTA VALLE NACIONAL,SAN LUCAS OJITLAN,SAN MIGUEL SOYALTEPEC,SANTA MARIA JACATEPEC,SANTIAGO JOCOTEPEC-NATIONAL_LOWER-runoff-2021",
269,Diputación del Distrito Federal 1 de PUEBLA,-1,2021-04-04,2021-06-02,"MX-PUE-JUAN GALINDO,NAUPAN,PAHUATLAN,PANTEPEC,SAN FELIPE TEPATLAN,TLACUILOTEPEC,TLAOLA,TLAPACOYA,TLAXCO,VENUSTIANO CARRANZA,XICOTEPEC,ZIHUATEUTLA,AMIXTLAN,HONEY,FRANCISCO Z. MENA,HERMENEGILDO GALEANA,HUAUCHINANGO,JALPAN,JOPALA-NATIONAL_LOWER-runoff-2021",
291,Diputación del Distrito Federal 1 de QUERÉTARO,-1,2021-04-04,2021-06-02,"MX-QUE-ARROYO SECO,CADEREYTA DE MONTES,COLON,JALPAN DE SERRA,LANDA DE MATAMOROS,PEDRO ESCOBEDO,PE?AMILLER,PINAL DE AMOLES,SAN JOAQUIN,TOLIMAN-NATIONAL_LOWER-runoff-2021",
285,Diputación del Distrito Federal 1 de QUINTANA ROO,-1,2021-04-04,2021-06-02,"MX-ROO-BENITO JUAREZ,COZUMEL,ISLA MUJERES,LAZARO CARDENAS,SOLIDARIDAD,TULUM,PUERTO MORELOS-NATIONAL_LOWER-runoff-2021",
307,Diputación del Distrito Federal 1 de SAN LUIS POTOSÍ,-1,2021-04-04,2021-06-02,"MX-SLP-AHUALULCO,CATORCE,CEDRAL,CHARCAS,MATEHUALA,MEXQUITIC DE CARMONA,MOCTEZUMA,SALINAS,SANTO DOMINGO,VANEGAS,VENADO,VILLA DE GUADALUPE,VILLA DE LA PAZ,VILLA DE RAMOS-NATIONAL_LOWER-runoff-2021",
298,Diputación del Distrito Federal 1 de SINALOA,-1,2021-04-04,2021-06-02,"MX-SIN-CONCORDIA,ESCUINAPA,MAZATLAN,ROSARIO-NATIONAL_LOWER-runoff-2021",
316,Diputación del Distrito Federal 1 de SONORA,-1,2021-04-04,2021-06-02,"MX-SON-ALTAR,ATIL,OQUITOA,SARIC,TRINCHERAS,TUBUTAMA,CABORCA,PITIQUITO,PUERTO PE?ASCO,SAN LUIS RIO COLORADO,GENERAL PLUTARCO ELIAS CALLES-NATIONAL_LOWER-runoff-2021",
324,Diputación del Distrito Federal 1 de TABASCO,-1,2021-04-04,2021-06-02,"MX-TAB-BALANCAN,EMILIANO ZAPATA,JONUTA,MACUSPANA,TENOSIQUE-NATIONAL_LOWER-runoff-2021",
335,Diputación del Distrito Federal 1 de TAMAULIPAS,-1,2021-04-04,2021-06-02,MX-TAM-NUEVO LAREDO-NATIONAL_LOWER-runoff-2021,
331,Diputación del Distrito Federal 1 de TLAXCALA,-1,2021-04-04,2021-06-02,"MX-TLA-ATLANGATEPEC,ATLTZAYANCA,EL CARMEN TEQUEXQUITLA,CUAPIAXTLA,CUAXOMULCO,HUAMANTLA,IXTENCO,SANTA CRUZ TLAXCALA,TERRENATE,TETLA DE LA SOLIDARIDAD,TLAXCO,TOCATLAN,ZITLALTEPEC DE TRINIDAD SANCHEZ SANTOS,TZOMPANTEPEC,XALOZTOC,SAN JOSE TEACALCO,EMILIANO ZAPATA,LAZARO CARDENAS,APIZACO-NATIONAL_LOWER-runoff-2021",
345,Diputación del Distrito Federal 1 de VERACRUZ DE IGNACIO DE LA LLAVE,-1,2021-04-04,2021-06-02,"MX-VER-NARANJOS AMATLAN,CITLALTEPETL,CHINAMPA DE GOROSTIZA,OZULUAMA,PANUCO,PUEBLO VIEJO,TAMALIN,TAMIAHUA,TAMPICO ALTO,TANCOCO,TANTIMA,TEMPOAL,EL HIGO-NATIONAL_LOWER-runoff-2021",
366,Diputación del Distrito Federal 1 de YUCATÁN,-1,2021-04-04,2021-06-02,"MX-YUC-BUCTZOTZ,CALOTMUL,CENOTILLO,CUNCUNUL,CHANKOM,CHEMAX,CHICHIMILA,CHIKINDZONOT,DZIDZANTUN,DZILAM DE BRAVO,DZILAM GONZALEZ,DZITAS,DZONCAUICH,ESPITA,IZAMAL,KANTUNIL,KAUA,PANABA,QUINTANA ROO,RIO LAGARTOS,SAN FELIPE,SUCILA,SUDZAL,TEKAL DE VENEGAS,TEKOM,TEMAX,TEMOZON,TEPAKAN,TINUM,TIXCACALCUPUL,TIZIMIN,TUNKAS,UAYMA,VALLADOLID,YAXCABA-NATIONAL_LOWER-runoff-2021",
372,Diputación del Distrito Federal 1 de ZACATECAS,-1,2021-04-04,2021-06-02,"MX-ZAC-CALERA,CA?ITAS DE FELIPE PESCADOR,CHALCHIHUITES,FRESNILLO,GENERAL ENRIQUE ESTRADA,JIMENEZ DEL TEUL,SAIN ALTO,SOMBRERETE-NATIONAL_LOWER-runoff-2021",
51,Diputación del Distrito Federal 10 de CHIAPAS,-1,2021-04-04,2021-06-02,"MX-CHP-JIQUIPILAS,VILLA CORZO,VILLAFLORES,MONTECRISTO DE GUERRERO,EL PARRAL,ANGEL ALBINO CORZO,CINTALAPA,LA CONCORDIA-NATIONAL_LOWER-runoff-2021",
81,Diputación del Distrito Federal 10 de CIUDAD DE MÉXICO,-1,2021-04-04,2021-06-02,MX-CMX-MIGUEL HIDALGO-NATIONAL_LOWER-runoff-2021,
122,Diputación del Distrito Federal 10 de ESTADO DE MÉXICO,-1,2021-04-04,2021-06-02,MX-MEX-ECATEPEC DE MORELOS-NATIONAL_LOWER-runoff-2021,
175,Diputación del Distrito Federal 10 de GUANAJUATO,-1,2021-04-04,2021-06-02,"MX-GUA-CORTAZAR,MOROLEON,SALVATIERRA,SANTIAGO MARAVATIO,URIANGATO,YURIRIA-NATIONAL_LOWER-runoff-2021",
199,Diputación del Distrito Federal 10 de JALISCO,-1,2021-04-04,2021-06-02,MX-JAL-ZAPOPAN-NATIONAL_LOWER-runoff-2021,
221,Diputación del Distrito Federal 10 de MICHOACÁN DE OCAMPO,-1,2021-04-04,2021-06-02,MX-MIC-MORELIA-NATIONAL_LOWER-runoff-2021,
246,Diputación del Distrito Federal 10 de NUEVO LEÓN,-1,2021-04-04,2021-06-02,MX-NLE-MONTERREY-NATIONAL_LOWER-runoff-2021,
259,Diputación del Distrito Federal 10 de OAXACA,-1,2021-04-04,2021-06-02,"MX-OAX-HEROICA CIUDAD DE EJUTLA DE CRESPO,MAGDALENA MIXTEPEC,MIAHUATLAN DE PORFIRIO DIAZ,MONJAS,LA PE,PLUMA HIDALGO,SAN AGUSTIN AMATENGO,SAN AGUSTIN LOXICHA,SAN ANDRES PAXTLAN,SAN ANDRES ZABACHE,SAN BALTAZAR LOXICHA,SAN BARTOLOME LOXICHA,SAN BERNARDO MIXTEPEC,SAN CRISTOBAL AMATLAN,SAN FRANCISCO LOGUECHE,SAN FRANCISCO SOLA,SAN ILDEFONSO AMATLAN,SAN ILDEFONSO SOLA,SAN JERONIMO COATLAN,SAN JOSE DEL PE?ASCO,SAN JUAN LACHIGALLA,SAN LUIS AMATLAN,SAN MARCIAL OZOLOTEPEC,SAN MARTIN DE LOS CANSECOS,SAN MARTIN LACHILA,SAN MATEO PI?AS,SAN MATEO RIO HONDO,SAN MIGUEL COATLAN,SAN MIGUEL EJUTLA,SAN MIGUEL MIXTEPEC,SAN MIGUEL SUCHIXTEPEC,SAN NICOLAS,SAN PABLO COATLAN,SAN PEDRO EL ALTO,SAN PEDRO POCHUTLA,AYOQUEZCO DE ALDAMA,CANDELARIA LOXICHA,COATECAS ALTAS,LA COMPA?IA,SAN SEBASTIAN COATLAN,SAN SEBASTIAN RIO HONDO,SAN SIMON ALMOLONGAS,SAN VICENTE COATLAN,SAN VICENTE LACHIXIO,SANTA ANA,SANTA ANA TLAPACOYAN,SANTA CATARINA CUIXTLA,SANTA CATARINA LOXICHA,SANTA CRUZ MIXTEPEC,SANTA CRUZ XITLA,SANTA LUCIA MIAHUATLAN,SANTA MARIA COLOTEPEC,SANTA MARIA HUATULCO,SANTA MARIA LACHIXIO,SANTA MARIA OZOLOTEPEC,SANTA MARIA SOLA,SANTA MARIA TONAMECA,SANTO DOMINGO DE MORELOS,SANTO DOMINGO OZOLOTEPEC,SANTO TOMAS TAMAZULAPAN,SITIO DE XITLAPEHUA,VILLA SOLA DE VEGA,TANICHE,YOGANA,ZIMATLAN DE ALVAREZ-NATIONAL_LOWER-runoff-2021",
270,Diputación del Distrito Federal 10 de PUEBLA,-1,2021-04-04,2021-06-02,"MX-PUE-CORONANGO,CUAUTLANCINGO,JUAN C. BONILLA,SAN ANDRES CHOLULA,SAN GREGORIO ATZOMPA,SAN JERONIMO TECUANIPAN,SAN PEDRO CHOLULA-NATIONAL_LOWER-runoff-2021",
346,Diputación del Distrito Federal 10 de VERACRUZ DE IGNACIO DE LA LLAVE,-1,2021-04-04,2021-06-02,MX-VER-XALAPA-NATIONAL_LOWER-runoff-2021,
52,Diputación del Distrito Federal 11 de CHIAPAS,-1,2021-04-04,2021-06-02,"MX-CHP-ALTAMIRANO,AMATENANGO DEL VALLE,CHANAL,HUIXTAN,LA INDEPENDENCIA,LAS MARGARITAS,OXCHUC,SAN CRISTOBAL DE LAS CASAS,TEOPISCA,MARAVILLA TENEJAPA-NATIONAL_LOWER-runoff-2021",
82,Diputación del Distrito Federal 11 de CIUDAD DE MÉXICO,-1,2021-04-04,2021-06-02,MX-CMX-VENUSTIANO CARRANZA-NATIONAL_LOWER-runoff-2021,
123,Diputación del Distrito Federal 11 de ESTADO DE MÉXICO,-1,2021-04-04,2021-06-02,MX-MEX-ECATEPEC DE MORELOS-NATIONAL_LOWER-runoff-2021,
176,Diputación del Distrito Federal 11 de GUANAJUATO,-1,2021-04-04,2021-06-02,MX-GUA-LEON-NATIONAL_LOWER-runoff-2021,
200,Diputación del Distrito Federal 11 de JALISCO,-1,2021-04-04,2021-06-02,MX-JAL-GUADALAJARA-NATIONAL_LOWER-runoff-2021,
222,Diputación del Distrito Federal 11 de MICHOACÁN DE OCAMPO,-1,2021-04-04,2021-06-02,"MX-MIC-ACUITZIO,ARIO,HUIRAMBA,LAGUNILLAS,MADERO,NOCUPETARO,PATZCUARO,SALVADOR ESCALANTE,TACAMBARO,TARETAN,TINGAMBATO,TURICATO,TZINTZUNTZAN,ZIRACUARETIRO-NATIONAL_LOWER-runoff-2021",
247,Diputación del Distrito Federal 11 de NUEVO LEÓN,-1,2021-04-04,2021-06-02,"MX-NLE-GUADALUPE,JUAREZ,MONTERREY-NATIONAL_LOWER-runoff-2021",
271,Diputación del Distrito Federal 11 de PUEBLA,-1,2021-04-04,2021-06-02,MX-PUE-PUEBLA-NATIONAL_LOWER-runoff-2021,
347,Diputación del Distrito Federal 11 de VERACRUZ DE IGNACIO DE LA LLAVE,-1,2021-04-04,2021-06-02,"MX-VER-COATZACOALCOS,IXHUATLAN DEL SURESTE,MOLOACAN,AGUA DULCE-NATIONAL_LOWER-runoff-2021",
53,Diputación del Distrito Federal 12 de CHIAPAS,-1,2021-04-04,2021-06-02,"MX-CHP-CACAHOATAN,FRONTERA HIDALGO,METAPA,SUCHIATE,TAPACHULA,TUXTLA CHICO,UNION JUAREZ-NATIONAL_LOWER-runoff-2021",
83,Diputación del Distrito Federal 12 de CIUDAD DE MÉXICO,-1,2021-04-04,2021-06-02,MX-CMX-CUAUHTEMOC-NATIONAL_LOWER-runoff-2021,
124,Diputación del Distrito Federal 12 de ESTADO DE MÉXICO,-1,2021-04-04,2021-06-02,MX-MEX-IXTAPALUCA-NATIONAL_LOWER-runoff-2021,
177,Diputación del Distrito Federal 12 de GUANAJUATO,-1,2021-04-04,2021-06-02,MX-GUA-CELAYA-NATIONAL_LOWER-runoff-2021,
201,Diputación del Distrito Federal 12 de JALISCO,-1,2021-04-04,2021-06-02,MX-JAL-TLAJOMULCO DE ZU?IGA-NATIONAL_LOWER-runoff-2021,
223,Diputación del Distrito Federal 12 de MICHOACÁN DE OCAMPO,-1,2021-04-04,2021-06-02,"MX-MIC-AGUILILLA,APATZINGAN,AQUILA,BUENAVISTA,COAHUAYANA,COALCOMAN DE VAZQUEZ PALLARES,CHINICUILA,NUEVO PARANGARICUTIRO,PERIBAN,TANCITARO,TEPALCATEPEC-NATIONAL_LOWER-runoff-2021",
248,Diputación del Distrito Federal 12 de NUEVO LEÓN,-1,2021-04-04,2021-06-02,"MX-NLE-CADEREYTA JIMENEZ,JUAREZ,MARIN,PESQUERIA-NATIONAL_LOWER-runoff-2021",
272,Diputación del Distrito Federal 12 de PUEBLA,-1,2021-04-04,2021-06-02,MX-PUE-PUEBLA-NATIONAL_LOWER-runoff-2021,
348,Diputación del Distrito Federal 12 de VERACRUZ DE IGNACIO DE LA LLAVE,-1,2021-04-04,2021-06-02,"MX-VER-BOCA DEL RIO,JAMAPA,MANLIO FABIO ALTAMIRANO,MEDELLIN DE BRAVO,VERACRUZ-NATIONAL_LOWER-runoff-2021",
54,Diputación del Distrito Federal 13 de CHIAPAS,-1,2021-04-04,2021-06-02,"MX-CHP-AMATENANGO DE LA FRONTERA,BEJUCAL DE OCAMPO,BELLA VISTA,CHICOMUSELO,LA GRANDEZA,HUEHUETAN,MAZAPA DE MADERO,MAZATAN,MOTOZINTLA,EL PORVENIR,SILTEPEC,TAPACHULA,TUZANTAN,CAPITAN LUIS ANGEL VIDAL,HONDURAS DE LA SIERRA-NATIONAL_LOWER-runoff-2021",
84,Diputación del Distrito Federal 13 de CIUDAD DE MÉXICO,-1,2021-04-04,2021-06-02,MX-CMX-IZTACALCO-NATIONAL_LOWER-runoff-2021,
125,Diputación del Distrito Federal 13 de ESTADO DE MÉXICO,-1,2021-04-04,2021-06-02,MX-MEX-ECATEPEC DE MORELOS-NATIONAL_LOWER-runoff-2021,
178,Diputación del Distrito Federal 13 de GUANAJUATO,-1,2021-04-04,2021-06-02,"MX-GUA-ABASOLO,CUERAMARO,HUANIMARO,JARAL DEL PROGRESO,PUEBLO NUEVO,ROMITA,VALLE DE SANTIAGO-NATIONAL_LOWER-runoff-2021",
202,Diputación del Distrito Federal 13 de JALISCO,-1,2021-04-04,2021-06-02,"MX-JAL-SAN PEDRO TLAQUEPAQUE,ZAPOPAN-NATIONAL_LOWER-runoff-2021",
273,Diputación del Distrito Federal 13 de PUEBLA,-1,2021-04-04,2021-06-02,"MX-PUE-ACTEOPAN,ATLIXCO,ATZALA,ATZITZIHUACAN,COHUECAN,CHIETLA,EPATLAN,HUAQUECHULA,IZUCAR DE MATAMOROS,OCOYUCAN,SAN DIEGO LA MESA TOCHIMILTZINGO,SAN MARTIN TOTOLTEPEC,SANTA ISABEL CHOLULA,TEPEMAXALCO,TEPEOJUMA,TEPEXCO,TIANGUISMANALCO,TILAPA,TLAPANALA,TOCHIMILCO,XOCHILTEPEC-NATIONAL_LOWER-runoff-2021",
349,Diputación del Distrito Federal 13 de VERACRUZ DE IGNACIO DE LA LLAVE,-1,2021-04-04,2021-06-02,"MX-VER-CAMARON DE TEJEDA,CARRILLO PUERTO,COMAPA,COTAXTLA,CUITLAHUAC,HUATUSCO,IGNACIO DE LA LLAVE,PASO DEL MACHO,PASO DE OVEJAS,SOCHIAPA,SOLEDAD DE DOBLADO,TIERRA BLANCA,TLALIXCOYAN,ZENTLA-NATIONAL_LOWER-runoff-2021",
85,Diputación del Distrito Federal 14 de CIUDAD DE MÉXICO,-1,2021-04-04,2021-06-02,MX-CMX-TLALPAN-NATIONAL_LOWER-runoff-2021,
126,Diputación del Distrito Federal 14 de ESTADO DE MÉXICO,-1,2021-04-04,2021-06-02,"MX-MEX-ATIZAPAN DE ZARAGOZA,CUAUTITLAN IZCALLI,TLALNEPANTLA DE BAZ-NATIONAL_LOWER-runoff-2021",
179,Diputación del Distrito Federal 14 de GUANAJUATO,-1,2021-04-04,2021-06-02,"MX-GUA-ACAMBARO,APASEO EL ALTO,APASEO EL GRANDE,CORONEO,JERECUARO,TARANDACUAO,TARIMORO-NATIONAL_LOWER-runoff-2021",
203,Diputación del Distrito Federal 14 de JALISCO,-1,2021-04-04,2021-06-02,MX-JAL-GUADALAJARA-NATIONAL_LOWER-runoff-2021,
274,Diputación del Distrito Federal 14 de PUEBLA,-1,2021-04-04,2021-06-02,"MX-PUE-COATZINGO,COHETZALA,CUAYUCA DE ANDRADE,CHIAUTLA,CHIGMECATITLAN,CHILA,CHILA DE LA SAL,CHINANTLA,GUADALUPE,HUATLATLAUCA,HUEHUETLAN EL CHICO,HUEHUETLAN EL GRANDE,HUITZILTEPEC,IXCAMILPA DE GUERRERO,JOLALPAN,LA MAGDALENA TLATLAUQUITEPEC,MOLCAXAC,PETLALCINGO,PIAXTLA,SAN JERONIMO XAYACATLAN,SAN JUAN ATZOMPA,SAN MIGUEL IXITLAN,SAN PABLO ANICANO,SAN PEDRO YELOIXTLAHUACA,SAN SALVADOR HUIXCOLOTLA,SANTA CATARINA TLALTEMPAN,SANTA INES AHUATEMPAN,SANTO TOMAS HUEYOTLIPAN,TECAMACHALCO,TECOMATLAN,TEHUITZINGO,TEOPANTLAN,TEOTLALCO,TEPEXI DE RODRIGUEZ,TEPEYAHUALCO DE CUAUHTEMOC,TLANEPANTLA,TOCHTEPEC,ACATLAN,AHUATLAN,AHUEHUETITLA,ALBINO ZERTUCHE,ATOYATEMPAN,AXUTLA,TOTOLTEPEC DE GUERRERO,TULCINGO,TZICATLACOYAN,XAYACATLAN DE BRAVO,XICOTLAN,XOCHITLAN TODOS SANTOS,YEHUALTEPEC,ZACAPALA-NATIONAL_LOWER-runoff-2021",
350,Diputación del Distrito Federal 14 de VERACRUZ DE IGNACIO DE LA LLAVE,-1,2021-04-04,2021-06-02,"MX-VER-LAS CHOAPAS,HIDALGOTITLAN,JESUS CARRANZA,MINATITLAN,SAN JUAN EVANGELISTA,SAYULA DE ALEMAN,UXPANAPA-NATIONAL_LOWER-runoff-2021",
86,Diputación del Distrito Federal 15 de CIUDAD DE MÉXICO,-1,2021-04-04,2021-06-02,MX-CMX-BENITO JUAREZ-NATIONAL_LOWER-runoff-2021,
127,Diputación del Distrito Federal 15 de ESTADO DE MÉXICO,-1,2021-04-04,2021-06-02,MX-MEX-ATIZAPAN DE ZARAGOZA-NATIONAL_LOWER-runoff-2021,
180,Diputación del Distrito Federal 15 de GUANAJUATO,-1,2021-04-04,2021-06-02,MX-GUA-IRAPUATO-NATIONAL_LOWER-runoff-2021,
204,Diputación del Distrito Federal 15 de JALISCO,-1,2021-04-04,2021-06-02,"MX-JAL-DEGOLLADO,JAMAY,OCOTLAN,PONCITLAN,TOTOTLAN,ZAPOTLAN DEL REY,ATOTONILCO EL ALTO,AYOTLAN,LA BARCA-NATIONAL_LOWER-runoff-2021",
275,Diputación del Distrito Federal 15 de PUEBLA,-1,2021-04-04,2021-06-02,"MX-PUE-ATEXCAL,COYOTEPEC,IXCAQUIXTLA,JUAN N. MENDEZ,SANTIAGO MIAHUATLAN,TEHUACAN,TEPANCO DE LOPEZ,TLACOTEPEC DE BENITO JUAREZ-NATIONAL_LOWER-runoff-2021",
351,Diputación del Distrito Federal 15 de VERACRUZ DE IGNACIO DE LA LLAVE,-1,2021-04-04,2021-06-02,"MX-VER-ALPATLAHUAC,ATZACAN,CALCAHUALCO,COSCOMATEPEC,IXHUATLANCILLO,IXTACZOQUITLAN,MARIANO ESCOBEDO,ORIZABA,LA PERLA,RIO BLANCO-NATIONAL_LOWER-runoff-2021",
87,Diputación del Distrito Federal 16 de CIUDAD DE MÉXICO,-1,2021-04-04,2021-06-02,MX-CMX-ALVARO OBREGON-NATIONAL_LOWER-runoff-2021,
128,Diputación del Distrito Federal 16 de ESTADO DE MÉXICO,-1,2021-04-04,2021-06-02,"MX-MEX-ECATEPEC DE MORELOS,TLALNEPANTLA DE BAZ-NATIONAL_LOWER-runoff-2021",
205,Diputación del Distrito Federal 16 de JALISCO,-1,2021-04-04,2021-06-02,MX-JAL-SAN PEDRO TLAQUEPAQUE-NATIONAL_LOWER-runoff-2021,
352,Diputación del Distrito Federal 16 de VERACRUZ DE IGNACIO DE LA LLAVE,-1,2021-04-04,2021-06-02,"MX-VER-IXHUATLAN DEL CAFE,TEPATLAXCO,TOMATLAN,YANGA,AMATLAN DE LOS REYES,ATOYAC,CORDOBA,CHOCAMAN,FORTIN-NATIONAL_LOWER-runoff-2021",
88,Diputación del Distrito Federal 17 de CIUDAD DE MÉXICO,-1,2021-04-04,2021-06-02,"MX-CMX-ALVARO OBREGON,CUAJIMALPA DE MORELOS-NATIONAL_LOWER-runoff-2021",
129,Diputación del Distrito Federal 17 de ESTADO DE MÉXICO,-1,2021-04-04,2021-06-02,MX-MEX-ECATEPEC DE MORELOS-NATIONAL_LOWER-runoff-2021,
206,Diputación del Distrito Federal 17 de JALISCO,-1,2021-04-04,2021-06-02,"MX-JAL-ACATLAN DE JUAREZ,ATEMAJAC DE BRIZUELA,COCULA,CONCEPCION DE BUENOS AIRES,CHAPALA,IXTLAHUACAN DE LOS MEMBRILLOS,JOCOTEPEC,LA MANZANILLA DE LA PAZ,MAZAMITLA,SAN MARTIN HIDALGO,TEOCUITATLAN DE CORONA,TIZAPAN EL ALTO,TUXCUECA,VILLA CORONA,ZACOALCO DE TORRES-NATIONAL_LOWER-runoff-2021",
353,Diputación del Distrito Federal 17 de VERACRUZ DE IGNACIO DE LA LLAVE,-1,2021-04-04,2021-06-02,"MX-VER-ACAYUCAN,COSAMALOAPAN,CHACALTIANGUIS,ISLA,IXMATLAHUACAN,JUAN RODRIGUEZ CLARA,OTATITLAN,PLAYA VICENTE,JOSE AZUETA,TLACOJALPAN,TUXTILLA,TRES VALLES,CARLOS A. CARRILLO,SANTIAGO SOCHIAPAN-NATIONAL_LOWER-runoff-2021",
89,Diputación del Distrito Federal 18 de CIUDAD DE MÉXICO,-1,2021-04-04,2021-06-02,MX-CMX-IZTAPALAPA-NATIONAL_LOWER-runoff-2021,
130,Diputación del Distrito Federal 18 de ESTADO DE MÉXICO,-1,2021-04-04,2021-06-02,"MX-MEX-HUIXQUILUCAN,JILOTZINGO,OTZOLOTEPEC,TOLUCA,XONACATLAN-NATIONAL_LOWER-runoff-2021",
207,Diputación del Distrito Federal 18 de JALISCO,-1,2021-04-04,2021-06-02,"MX-JAL-AMECA,ATENGO,AUTLAN DE NAVARRO,AYUTLA,CASIMIRO CASTILLO,CIHUATLAN,CUAUTITLAN DE GARCIA BARRAGAN,CUAUTLA,CHIQUILISTLAN,EJUTLA,EL GRULLO,LA HUERTA,JUCHITLAN,EL LIMON,VILLA PURIFICACION,TECOLOTLAN,TENAMAXTLAN,TOLIMAN,TONAYA,TUXCACUESCO,UNION DE TULA,ZAPOTITLAN DE VADILLO-NATIONAL_LOWER-runoff-2021",
354,Diputación del Distrito Federal 18 de VERACRUZ DE IGNACIO DE LA LLAVE,-1,2021-04-04,2021-06-02,"MX-VER-ACULTZINGO,AQUILA,ASTACINGA,ATLAHUILCO,CAMERINO Z. MENDOZA,COETZALA,CUICHAPA,HUILOAPAN DE CUAUHTEMOC,MAGDALENA,MALTRATA,MIXTLA DE ALTAMIRANO,NARANJAL,NOGALES,OMEALCA,RAFAEL DELGADO,LOS REYES,SAN ANDRES TENEJAPAN,SOLEDAD ATZOMPA,TEHUIPANGO,TEQUILA,TEXHUACAN,TEZONAPA,TLAQUILPA,TLILAPAN,XOXOCOTLA,ZONGOLICA-NATIONAL_LOWER-runoff-2021",
90,Diputación del Distrito Federal 19 de CIUDAD DE MÉXICO,-1,2021-04-04,2021-06-02,MX-CMX-IZTAPALAPA-NATIONAL_LOWER-runoff-2021,
131,Diputación del Distrito Federal 19 de ESTADO DE MÉXICO,-1,2021-04-04,2021-06-02,MX-MEX-TLALNEPANTLA DE BAZ-NATIONAL_LOWER-runoff-2021,
208,Diputación del Distrito Federal 19 de JALISCO,-1,2021-04-04,2021-06-02,"MX-JAL-AMACUECA,ATOYAC,ZAPOTLAN EL GRANDE,SAN GABRIEL,GOMEZ FARIAS,JILOTLAN DE LOS DOLORES,SANTA MARIA DEL ORO,PIHUAMO,QUITUPAN,SAYULA,TAMAZULA DE GORDIANO,TAPALPA,TECALITLAN,TECHALUTA DE MONTENEGRO,TONILA,TUXPAN,VALLE DE JUAREZ,ZAPOTILTIC-NATIONAL_LOWER-runoff-2021",
355,Diputación del Distrito Federal 19 de VERACRUZ DE IGNACIO DE LA LLAVE,-1,2021-04-04,2021-06-02,"MX-VER-ACULA,ALVARADO,AMATITLAN,ANGEL R. CABADA,CATEMACO,LERDO DE TEJADA,SALTABARRANCA,SAN ANDRES TUXTLA,SANTIAGO TUXTLA,TLACOTALPAN-NATIONAL_LOWER-runoff-2021",
5,Diputación del Distrito Federal 2 de AGUASCALIENTES,-1,2021-04-04,2021-06-02,MX-AGU-AGUASCALIENTES-NATIONAL_LOWER-runoff-2021,
10,Diputación del Distrito Federal 2 de BAJA CALIFORNIA,-1,2021-04-04,2021-06-02,MX-BCN-MEXICALI-NATIONAL_LOWER-runoff-2021,
19,Diputación del Distrito Federal 2 de BAJA CALIFORNIA SUR,-1,2021-04-04,2021-06-02,"MX-BCS-LA PAZ,LOS CABOS-NATIONAL_LOWER-runoff-2021",
37,Diputación del Distrito Federal 2 de CAMPECHE,-1,2021-04-04,2021-06-02,"MX-CAM-CARMEN,CHAMPOTON,PALIZADA,ESCARCEGA,CANDELARIA,SEYBAPLAYA-NATIONAL_LOWER-runoff-2021",
55,Diputación del Distrito Federal 2 de CHIAPAS,-1,2021-04-04,2021-06-02,"MX-CHP-AMATAN,BOCHIL,EL BOSQUE,CHALCHIHUITAN,CHENALHO,HUITIUPAN,IXHUATAN,IXTAPA,JITOTOL,LARRAINZAR,MITONTIC,PANTELHO,PUEBLO NUEVO SOLISTAHUACAN,SIMOJOVEL,SOYALO,ALDAMA,SAN ANDRES DURAZNAL,SANTIAGO EL PINAR,RINCON CHAMULA SAN PEDRO-NATIONAL_LOWER-runoff-2021",
24,Diputación del Distrito Federal 2 de CHIHUAHUA,-1,2021-04-04,2021-06-02,"MX-CHH-AHUMADA,ASCENSION,BUENAVENTURA,CASAS GRANDES,GALEANA,GUADALUPE,IGNACIO ZARAGOZA,JANOS,JUAREZ,NUEVO CASAS GRANDES,PRAXEDIS G. GUERRERO-NATIONAL_LOWER-runoff-2021",
91,Diputación del Distrito Federal 2 de CIUDAD DE MÉXICO,-1,2021-04-04,2021-06-02,MX-CMX-GUSTAVO A. MADERO-NATIONAL_LOWER-runoff-2021,
42,Diputación del Distrito Federal 2 de COAHUILA DE ZARAGOZA,-1,2021-04-04,2021-06-02,"MX-COA-CASTAÑOS,CUATROCIENEGAS,FRANCISCO I. MADERO,LAMADRID,MUZQUIZ,NADADORES,OCAMPO,RAMOS ARIZPE,SACRAMENTO,SAN BUENAVENTURA,SAN PEDRO,SIERRA MOJADA-NATIONAL_LOWER-runoff-2021",
34,Diputación del Distrito Federal 2 de COLIMA,-1,2021-04-04,2021-06-02,"MX-COL-ARMERIA,IXTLAHUACAN,MANZANILLO,MINATITLAN,TECOMAN-NATIONAL_LOWER-runoff-2021",
106,Diputación del Distrito Federal 2 de DURANGO,-1,2021-04-04,2021-06-02,"MX-DUR-GOMEZ PALACIO,GUANACEVI,HIDALGO,INDE,MAPIMI,OCAMPO,EL ORO,SAN BERNARDO,SAN PEDRO DEL GALLO,TLAHUALILO-NATIONAL_LOWER-runoff-2021",
132,Diputación del Distrito Federal 2 de ESTADO DE MÉXICO,-1,2021-04-04,2021-06-02,"MX-MEX-JALTENCO,NEXTLALPAN,TULTEPEC,TULTITLAN,TONANITLA-NATIONAL_LOWER-runoff-2021",
181,Diputación del Distrito Federal 2 de GUANAJUATO,-1,2021-04-04,2021-06-02,"MX-GUA-SAN MIGUEL DE ALLENDE,CELAYA,COMONFORT,SAN JOSE ITURBIDE-NATIONAL_LOWER-runoff-2021",
165,Diputación del Distrito Federal 2 de GUERRERO,-1,2021-04-04,2021-06-02,"MX-GRO-ATENANGO DEL RIO,BUENAVISTA DE CUELLAR,COPALILLO,HUITZUCO DE LOS FIGUEROA,IGUALA DE LA INDEPENDENCIA,PILCAYA,TAXCO DE ALARCON,TEPECOACUILCO DE TRUJANO,TETIPAC-NATIONAL_LOWER-runoff-2021",
191,Diputación del Distrito Federal 2 de HIDALGO,-1,2021-04-04,2021-06-02,"MX-HID-ALFAJAYUCAN,CARDONAL,CHAPULHUACAN,CHILCUAUTLA,IXMIQUILPAN,JACALA DE LEDEZMA,LA MISION,NICOLAS FLORES,PACULA,PISAFLORES,PROGRESO DE OBREGON,SAN SALVADOR,SANTIAGO DE ANAYA,TASQUILLO,TECOZAUTLA,ZIMAPAN-NATIONAL_LOWER-runoff-2021",
209,Diputación del Distrito Federal 2 de JALISCO,-1,2021-04-04,2021-06-02,"MX-JAL-ENCARNACION DE DIAZ,LAGOS DE MORENO,OJUELOS DE JALISCO,SAN DIEGO DE ALEJANDRIA,SAN JUAN DE LOS LAGOS,SAN JULIAN,UNION DE SAN ANTONIO-NATIONAL_LOWER-runoff-2021",
224,Diputación del Distrito Federal 2 de MICHOACÁN DE OCAMPO,-1,2021-04-04,2021-06-02,"MX-MIC-HUANDACAREO,HUANIQUEO,INDAPARAPEO,JIMENEZ,JOSE SIXTO VERDUZCO,MORELOS,PANINDICUARO,PENJAMILLO,PURUANDIRO,SANTA ANA MAYA,TARIMBARO,ALVARO OBREGON,ANGAMACUTIRO,COPANDARO,CUITZEO,CHARO,CHUCANDIRO-NATIONAL_LOWER-runoff-2021",
234,Diputación del Distrito Federal 2 de MORELOS,-1,2021-04-04,2021-06-02,"MX-MOR-CUERNAVACA,EMILIANO ZAPATA,JIUTEPEC,XOCHITEPEC-NATIONAL_LOWER-runoff-2021",
241,Diputación del Distrito Federal 2 de NAYARIT,-1,2021-04-04,2021-06-02,"MX-NAY-TEPIC,XALISCO-NATIONAL_LOWER-runoff-2021",
249,Diputación del Distrito Federal 2 de NUEVO LEÓN,-1,2021-04-04,2021-06-02,"MX-NLE-APODACA,GRAL. ESCOBEDO,GRAL. ZUAZUA,PESQUERIA,SAN NICOLAS DE LOS GARZA-NATIONAL_LOWER-runoff-2021",
260,Diputación del Distrito Federal 2 de OAXACA,-1,2021-04-04,2021-06-02,"MX-OAX-SAN JUAN DE LOS CUES,SAN JUAN DEL ESTADO,SAN JUAN QUIOTEPEC,SAN JUAN TEPEUXILA,SAN LORENZO CACAOTEPEC,SAN LORENZO CUAUNECUILTITLA,SAN LUCAS ZOQUIAPAM,SAN MARTIN TOXPALAN,SAN MATEO YOLOXOCHITLAN,SAN MIGUEL ALOAPAM,SAN MIGUEL CHICAHUA,SAN MIGUEL HUAUTLA,SAN MIGUEL SANTA FLOR,SAN PABLO HUITZO,SAN PEDRO COXCALTEPEC CANTAROS,SAN PEDRO IXCATLAN,SAN PEDRO JALTEPETONGO,SAN PEDRO JOCOTIPAC,SAN PEDRO OCOPETATILLO,SAN PEDRO SOCHIAPAM,SAN PEDRO TEUTILA,SANTA ANA ATEIXTLAHUACA,SANTA ANA CUAUHTEMOC,SANTA CRUZ ACATEPEC,SANTA MARIA APAZCO,SANTA MARIA LA ASUNCION,SANTA MARIA CHILCHOTLA,SANTA MARIA IXCATLAN,SANTA MARIA PAPALO,SANTA MARIA TECOMAVACA,SANTA MARIA TEOPOXCO,SANTA MARIA TEXCATITLAN,SANTA MARIA TLALIXTAC,SANTIAGO APOALA,SANTIAGO HUAUCLILLA,SANTIAGO NACALTEPEC,ASUNCION NOCHIXTLAN,CONCEPCION PAPALO,CUYAMECALCO VILLA DE ZARAGOZA,ELOXOCHITLAN DE FLORES MAGON,GUADALUPE ETLA,HUAUTEPEC,HUAUTLA DE JIMENEZ,MAGDALENA APASCO,MAZATLAN VILLA DE FLORES,NAZARENO ETLA,REYES ETLA,SAN AGUSTIN ETLA,SAN ANDRES TEOTILALPAM,SAN ANDRES ZAUTLA,SAN ANTONIO NANAHUATIPAM,SAN BARTOLOME AYAUTLA,SAN FELIPE JALAPA DE DIAZ,SAN FELIPE USILA,SAN FRANCISCO CHAPULAPA,SAN FRANCISCO HUEHUETLAN,SAN FRANCISCO TELIXTLAHUACA,SAN JERONIMO SOSOLA,SAN JERONIMO TECOATL,SAN JOSE INDEPENDENCIA,SAN JOSE TENANGO,SAN JUAN BAUTISTA ATATLAHUCA,SAN JUAN BAUTISTA CUICATLAN,SAN JUAN BAUTISTA GUELACHE,SAN JUAN BAUTISTA JAYACATLAN,SAN JUAN BAUTISTA TLACOATZINTEPEC,CHIQUIHUITLAN DE BENITO JUAREZ,SAN JUAN COATZOSPAM,SANTIAGO SUCHILQUITONGO,SANTIAGO TENANGO,SANTIAGO TEXCALCINGO,SANTOS REYES PAPALO,SOLEDAD ETLA,TEOTITLAN DE FLORES MAGON,VALERIO TRUJANO,VILLA DE ETLA-NATIONAL_LOWER-runoff-2021",
276,Diputación del Distrito Federal 2 de PUEBLA,-1,2021-04-04,2021-06-02,"MX-PUE-AHUACATLAN,AHUAZOTEPEC,AQUIXTLA,CAMOCUAUTLA,CAXHUACAN,COATEPEC,CUAUTEMPAN,CHICONCUAUTLA,CHIGNAHUAPAN,HUEHUETLA,HUEYTLALPAN,HUITZILAN DE SERDAN,ATLEQUIZAYAN,IXTACAMAXTITLAN,IXTEPEC,JONOTLA,NAUZONTLA,OLINTLA,TEPANGO DE RODRIGUEZ,TEPETZINTLA,TETELA DE OCAMPO,TUZAMAPAN DE GALEANA,XOCHIAPULCO,XOCHITLAN DE VICENTE SUAREZ,ZACATLAN,ZAPOTITLAN DE MENDEZ,ZAUTLA,ZONGOZOTLA,ZOQUIAPAN-NATIONAL_LOWER-runoff-2021",
292,Diputación del Distrito Federal 2 de QUERÉTARO,-1,2021-04-04,2021-06-02,"MX-QUE-SAN JUAN DEL RIO,TEQUISQUIAPAN,EZEQUIEL MONTES-NATIONAL_LOWER-runoff-2021",
286,Diputación del Distrito Federal 2 de QUINTANA ROO,-1,2021-04-04,2021-06-02,"MX-ROO-FELIPE CARRILLO PUERTO,JOSE MARIA MORELOS,OTHON P. BLANCO,BACALAR-NATIONAL_LOWER-runoff-2021",
308,Diputación del Distrito Federal 2 de SAN LUIS POTOSÍ,-1,2021-04-04,2021-06-02,"MX-SLP-CERRO DE SAN PEDRO,SANTA MARIA DEL RIO,SOLEDAD DE GRACIANO SANCHEZ,TIERRA NUEVA,VILLA DE ARRIAGA,VILLA DE REYES,ZARAGOZA-NATIONAL_LOWER-runoff-2021",
299,Diputación del Distrito Federal 2 de SINALOA,-1,2021-04-04,2021-06-02,MX-SIN-AHOME-NATIONAL_LOWER-runoff-2021,
317,Diputación del Distrito Federal 2 de SONORA,-1,2021-04-04,2021-06-02,"MX-SON-AGUA PRIETA,ARIZPE,BACOACHI,CANANEA,CUCURPE,FRONTERAS,IMURIS,MAGDALENA,NACO,NOGALES,SANTA CRUZ-NATIONAL_LOWER-runoff-2021",
325,Diputación del Distrito Federal 2 de TABASCO,-1,2021-04-04,2021-06-02,"MX-TAB-CARDENAS,HUIMANGUILLO-NATIONAL_LOWER-runoff-2021",
336,Diputación del Distrito Federal 2 de TAMAULIPAS,-1,2021-04-04,2021-06-02,"MX-TAM-CAMARGO,GUERRERO,GUSTAVO DIAZ ORDAZ,MIER,MIGUEL ALEMAN,REYNOSA-NATIONAL_LOWER-runoff-2021",
332,Diputación del Distrito Federal 2 de TLAXCALA,-1,2021-04-04,2021-06-02,"MX-TLA-APETATITLAN DE ANTONIO CARVAJAL,CHIAUTEMPAN,MAZATECOCHCO DE JOSE MARIA MORELOS,CONTLA DE JUAN CUAMATZI,ACUAMANALA DE MIGUEL HIDALGO,SAN PABLO DEL MONTE,TENANCINGO,TEOLOCHOLCO,TEPEYANCO,TLAXCALA,TOTOLAC,PAPALOTLA DE XICOHTENCATL,SANTA CRUZ QUILEHTLA,SANTA ISABEL XILOXOXTLA,SAN FRANCISCO TETLANOHCAN,LA MAGDALENA TLALTELULCO-NATIONAL_LOWER-runoff-2021",
356,Diputación del Distrito Federal 2 de VERACRUZ DE IGNACIO DE LA LLAVE,-1,2021-04-04,2021-06-02,"MX-VER-BENITO JUAREZ,CHALMA,CHICONAMEL,CHICONTEPEC,CHONTLA,HUAYACOCOTLA,ILAMATLAN,IXCATEPEC,IXHUATLAN DE MADERO,PLATON SANCHEZ,TANTOYUCA,TEXCATEPEC,TLACHICHILCO,ZACUALPAN,ZONTECOMATLAN-NATIONAL_LOWER-runoff-2021",
367,Diputación del Distrito Federal 2 de YUCATÁN,-1,2021-04-04,2021-06-02,"MX-YUC-ACANCEH,BACA,BOKOBA,CACALCHEN,CANSAHCAB,CELESTUN,CONKAL,CHICXULUB PUEBLO,DZEMUL,HOCABA,HOCTUN,HUNUCMA,IXIL,KANASIN,KINCHIL,MERIDA,MOCOCHA,MOTUL,MUXUPIP,PROGRESO,SAMAHIL,SEYE,SINANCHE,SUMA,TAHMEK,TEKANTO,TELCHAC PUEBLO,TELCHAC PUERTO,TETIZ,TEYA,TIMUCUY,TIXKOKOB,TIXPEHUAL,UCU,XOCCHEL,YAXKUKUL,YOBAIN-NATIONAL_LOWER-runoff-2021",
373,Diputación del Distrito Federal 2 de ZACATECAS,-1,2021-04-04,2021-06-02,"MX-ZAC-TRINIDAD GARCIA DE LA CADENA,GENARO CODINA,EL PLATEADO DE JOAQUIN AMARO,HUANUSCO,JALPA,JEREZ,JUCHIPILA,LUIS MOYA,MEZQUITAL DEL ORO,MOMAX,MONTE ESCOBEDO,MOYAHUA DE ESTRADA,NOCHISTLAN DE MEJIA,VALPARAISO,VILLANUEVA,SANTA MARIA DE LA PAZ,APOZOL,APULCO,ATOLINGA,BENITO JUAREZ,CUAUHTEMOC,OJOCALIENTE,SUSTICACAN,TABASCO,TEPECHITLAN,TEPETONGO,TEUL DE GONZALEZ ORTEGA,TLALTENANGO DE SANCHEZ ROMAN-NATIONAL_LOWER-runoff-2021",
92,Diputación del Distrito Federal 20 de CIUDAD DE MÉXICO,-1,2021-04-04,2021-06-02,MX-CMX-IZTAPALAPA-NATIONAL_LOWER-runoff-2021,
133,Diputación del Distrito Federal 20 de ESTADO DE MÉXICO,-1,2021-04-04,2021-06-02,MX-MEX-NEZAHUALCOYOTL-NATIONAL_LOWER-runoff-2021,
210,Diputación del Distrito Federal 20 de JALISCO,-1,2021-04-04,2021-06-02,"MX-JAL-TONALA,ZAPOTLANEJO,ACATIC,JUANACATLAN,EL SALTO-NATIONAL_LOWER-runoff-2021",
357,Diputación del Distrito Federal 20 de VERACRUZ DE IGNACIO DE LA LLAVE,-1,2021-04-04,2021-06-02,"MX-VER-TEXISTEPEC,ZARAGOZA,NANCHITAL DE LAZARO CARDENAS DEL RIO,TATAHUICAPAN DE JUAREZ,COSOLEACAQUE,CHINAMECA,HUEYAPAN DE OCAMPO,JALTIPAN,MECAYAPAN,OLUTA,OTEAPAN,PAJAPAN,SOCONUSCO,SOTEAPAN-NATIONAL_LOWER-runoff-2021",
93,Diputación del Distrito Federal 21 de CIUDAD DE MÉXICO,-1,2021-04-04,2021-06-02,"MX-CMX-XOCHIMILCO,MILPA ALTA-NATIONAL_LOWER-runoff-2021",
134,Diputación del Distrito Federal 21 de ESTADO DE MÉXICO,-1,2021-04-04,2021-06-02,"MX-MEX-IXTAPALUCA,JUCHITEPEC,OZUMBA,TENANGO DEL AIRE,TEPETLIXPA,TLALMANALCO,AMECAMECA,ATLAUTLA,AYAPANGO,ECATZINGO-NATIONAL_LOWER-runoff-2021",
94,Diputación del Distrito Federal 22 de CIUDAD DE MÉXICO,-1,2021-04-04,2021-06-02,MX-CMX-IZTAPALAPA-NATIONAL_LOWER-runoff-2021,
135,Diputación del Distrito Federal 22 de ESTADO DE MÉXICO,-1,2021-04-04,2021-06-02,MX-MEX-NAUCALPAN DE JUAREZ-NATIONAL_LOWER-runoff-2021,
95,Diputación del Distrito Federal 23 de CIUDAD DE MÉXICO,-1,2021-04-04,2021-06-02,MX-CMX-COYOACAN-NATIONAL_LOWER-runoff-2021,
136,Diputación del Distrito Federal 23 de ESTADO DE MÉXICO,-1,2021-04-04,2021-06-02,"MX-MEX-ALMOLOYA DEL RIO,ATIZAPAN,CAPULHUAC,XALATLACO,LERMA,OCOYOACAC,OCUILAN,TEXCALYACAC,TIANGUISTENCO-NATIONAL_LOWER-runoff-2021",
96,Diputación del Distrito Federal 24 de CIUDAD DE MÉXICO,-1,2021-04-04,2021-06-02,"MX-CMX-COYOACAN,XOCHIMILCO-NATIONAL_LOWER-runoff-2021",
137,Diputación del Distrito Federal 24 de ESTADO DE MÉXICO,-1,2021-04-04,2021-06-02,MX-MEX-NAUCALPAN DE JUAREZ-NATIONAL_LOWER-runoff-2021,
138,Diputación del Distrito Federal 25 de ESTADO DE MÉXICO,-1,2021-04-04,2021-06-02,MX-MEX-CHIMALHUACAN-NATIONAL_LOWER-runoff-2021,
139,Diputación del Distrito Federal 26 de ESTADO DE MÉXICO,-1,2021-04-04,2021-06-02,"MX-MEX-OTZOLOTEPEC,TOLUCA-NATIONAL_LOWER-runoff-2021",
140,Diputación del Distrito Federal 27 de ESTADO DE MÉXICO,-1,2021-04-04,2021-06-02,"MX-MEX-CALIMAYA,CHAPULTEPEC,METEPEC,MEXICALTZINGO,SAN ANTONIO LA ISLA,SAN MATEO ATENCO-NATIONAL_LOWER-runoff-2021",
141,Diputación del Distrito Federal 28 de ESTADO DE MÉXICO,-1,2021-04-04,2021-06-02,"MX-MEX-APAXCO,HUEHUETOCA,HUEYPOXTLA,TEQUIXQUIAC,ZUMPANGO-NATIONAL_LOWER-runoff-2021",
142,Diputación del Distrito Federal 29 de ESTADO DE MÉXICO,-1,2021-04-04,2021-06-02,MX-MEX-NEZAHUALCOYOTL-NATIONAL_LOWER-runoff-2021,
6,Diputación del Distrito Federal 3 de AGUASCALIENTES,-1,2021-04-04,2021-06-02,MX-AGU-AGUASCALIENTES-NATIONAL_LOWER-runoff-2021,
11,Diputación del Distrito Federal 3 de BAJA CALIFORNIA,-1,2021-04-04,2021-06-02,MX-BCN-ENSENADA-NATIONAL_LOWER-runoff-2021,
56,Diputación del Distrito Federal 3 de CHIAPAS,-1,2021-04-04,2021-06-02,"MX-CHP-CHILON,OCOSINGO,SITALA,BENEMERITO DE LAS AMERICAS,MARQUES DE COMILLAS-NATIONAL_LOWER-runoff-2021",
25,Diputación del Distrito Federal 3 de CHIHUAHUA,-1,2021-04-04,2021-06-02,MX-CHH-JUAREZ-NATIONAL_LOWER-runoff-2021,
97,Diputación del Distrito Federal 3 de CIUDAD DE MÉXICO,-1,2021-04-04,2021-06-02,MX-CMX-AZCAPOTZALCO-NATIONAL_LOWER-runoff-2021,
43,Diputación del Distrito Federal 3 de COAHUILA DE ZARAGOZA,-1,2021-04-04,2021-06-02,"MX-COA-ABASOLO,ALLENDE,CANDELA,ESCOBEDO,FRONTERA,GUERRERO,HIDALGO,JUAREZ,MONCLOVA,PROGRESO,SABINAS,SAN JUAN DE SABINAS,VILLA UNION-NATIONAL_LOWER-runoff-2021",
107,Diputación del Distrito Federal 3 de DURANGO,-1,2021-04-04,2021-06-02,"MX-DUR-CANATLAN,CONETO DE COMONFORT,CUENCAME,SIMON BOLIVAR,GUADALUPE VICTORIA,LERDO,NAZAS,NOMBRE DE DIOS,NUEVO IDEAL,PANUCO DE CORONADO,PE?ON BLANCO,POANAS,RODEO,SAN JUAN DE GUADALUPE,SAN JUAN DEL RIO,SAN LUIS DEL CORDERO,SANTA CLARA-NATIONAL_LOWER-runoff-2021",
143,Diputación del Distrito Federal 3 de ESTADO DE MÉXICO,-1,2021-04-04,2021-06-02,"MX-MEX-ATLACOMULCO,IXTLAHUACA,JIQUIPILCO,JOCOTITLAN,EL ORO-NATIONAL_LOWER-runoff-2021",
182,Diputación del Distrito Federal 3 de GUANAJUATO,-1,2021-04-04,2021-06-02,MX-GUA-LEON-NATIONAL_LOWER-runoff-2021,
166,Diputación del Distrito Federal 3 de GUERRERO,-1,2021-04-04,2021-06-02,"MX-GRO-PETATLAN,TECPAN DE GALEANA,LA UNION DE ISIDORO MONTES DE OCA,ATOYAC DE ALVAREZ,BENITO JUAREZ,COAHUAYUTLA DE JOSE MARIA IZAZAGA,COYUCA DE BENITEZ,ZIHUATANEJO DE AZUETA-NATIONAL_LOWER-runoff-2021",
192,Diputación del Distrito Federal 3 de HIDALGO,-1,2021-04-04,2021-06-02,"MX-HID-ACTOPAN,AJACUBA,ATOTONILCO EL GRANDE,EL ARENAL,ELOXOCHITLAN,FRANCISCO I. MADERO,HUASCA DE OCAMPO,JUAREZ HIDALGO,METZTITLAN,MINERAL DEL CHICO,MINERAL DEL MONTE,MIXQUIAHUALA DE JUAREZ,OMITLAN DE JUAREZ,SAN AGUSTIN METZQUITITLAN,SAN AGUSTIN TLAXIACA,TETEPANGO,TLAHUELILPAN,TLAHUILTEPA,ZACUALTIPAN DE ANGELES-NATIONAL_LOWER-runoff-2021",
211,Diputación del Distrito Federal 3 de JALISCO,-1,2021-04-04,2021-06-02,"MX-JAL-MEXTICACAN,SAN MIGUEL EL ALTO,TEOCALTICHE,TEPATITLAN DE MORELOS,VALLE DE GUADALUPE,VILLA HIDALGO,CA?ADAS DE OBREGON,YAHUALICA DE GONZALEZ GALLO,SAN IGNACIO CERRO GORDO,ARANDAS,JALOSTOTITLAN,JESUS MARIA-NATIONAL_LOWER-runoff-2021",
225,Diputación del Distrito Federal 3 de MICHOACÁN DE OCAMPO,-1,2021-04-04,2021-06-02,"MX-MIC-ANGANGUEO,CARACUARO,HUETAMO,JUAREZ,JUNGAPEO,OCAMPO,SAN LUCAS,SUSUPUATO,TIQUICHEO DE NICOLAS ROMERO,TUXPAN,TUZANTLA,TZITZIO,ZITACUARO-NATIONAL_LOWER-runoff-2021",
235,Diputación del Distrito Federal 3 de MORELOS,-1,2021-04-04,2021-06-02,"MX-MOR-AXOCHIAPAN,AYALA,CUAUTLA,TEPALCINGO,TLALTIZAPAN DE ZAPATA-NATIONAL_LOWER-runoff-2021",
242,Diputación del Distrito Federal 3 de NAYARIT,-1,2021-04-04,2021-06-02,"MX-NAY-SAN PEDRO LAGUNILLAS,SANTA MARIA DEL ORO,XALISCO,LA YESCA,AHUACATLAN,AMATLAN DE CA?AS,BAHIA DE BANDERAS,COMPOSTELA,IXTLAN DEL RIO,JALA-NATIONAL_LOWER-runoff-2021",
250,Diputación del Distrito Federal 3 de NUEVO LEÓN,-1,2021-04-04,2021-06-02,MX-NLE-GRAL. ESCOBEDO-NATIONAL_LOWER-runoff-2021,
261,Diputación del Distrito Federal 3 de OAXACA,-1,2021-04-04,2021-06-02,"MX-OAX-SAN BARTOLOME YUCUA?E,SAN CRISTOBAL SUCHIXTLAHUACA,SAN FELIPE TEJALAPAM,SAN FRANCISCO CHINDUA,SAN FRANCISCO JALTEPETONGO,SAN FRANCISCO NUXA?O,SAN FRANCISCO TEOPAN,SAN JERONIMO SILACAYOAPILLA,SAN JOSE AYUQUILA,SAN JUAN ACHIUTLA,SAN JUAN BAUTISTA COIXTLAHUACA,SAN JUAN BAUTISTA SUCHITEPEC,SAN JUAN DIUXI,SAN JUAN SAYULTEPEC,SAN JUAN TAMAZOLA,SAN JUAN TEPOSCOLULA,SAN JUAN YUCUITA,SAN MATEO ETLATONGO,SAN MATEO SINDIHUI,SAN MATEO TLAPILTEPEC,SAN MIGUEL ACHIUTLA,SAN MIGUEL PERAS,SAN MIGUEL PIEDRAS,SAN MIGUEL TECOMATLAN,SAN MIGUEL TEQUIXTEPEC,SAN MIGUEL TULANCINGO,SAN PABLO CUATRO VENADOS,SAN PEDRO IXTLAHUACA,SAN PEDRO NOPALA,SAN PEDRO TEOZACOALCO,SAN PEDRO TIDAA,SAN PEDRO TOPILTEPEC,SAN PEDRO Y SAN PABLO TEPOSCOLULA,SAN PEDRO Y SAN PABLO TEQUIXTEPEC,SAN PEDRO YUCUNAMA,SANTO DOMINGO YODOHINO,SANTO TOMAS MAZALTEPEC,VILLA DE TAMAZULAPAM DEL PROGRESO,VILLA TEJUPAM DE LA UNION,TEOTONGO,TEPELMEME VILLA DE MORELOS,TLACOTEPEC PLUMAS,TRINIDAD ZAACHILA,LA TRINIDAD VISTA HERMOSA,YUTANDUCHI DE GUERRERO,VILLA DE ZAACHILA,ZAPOTITLAN PALMAS,ASUNCION CUYOTEPEJI,ASUNCION NOCHIXTLAN,CIENEGA DE ZIMATLAN,CONCEPCION BUENAVISTA,COSOLTEPEC,CUILAPAM DE GUERRERO,HEROICA CIUDAD DE HUAJUAPAN DE LEON,MAGDALENA JALTEPEC,MAGDALENA YODOCONO DE PORFIRIO DIAZ,MAGDALENA ZAHUATLAN,SAN ANDRES DINICUITI,SAN ANDRES IXTLAHUACA,SAN ANDRES LAGUNAS,SAN ANDRES NUXI?O,SAN ANDRES SINAXTLA,SAN ANTONINO EL ALTO,SAN ANTONIO ACUTLA,SAN ANTONIO HUITEPEC,SAN BARTOLO COYOTEPEC,SAN BARTOLO SOYALTEPEC,SAN RAYMUNDO JALPAN,SAN VICENTE NU?U,SANTA CATARINA QUIANE,SANTA CATARINA TAYATA,SANTA CATARINA ZAPOQUILA,SANTA CRUZ TAYATA,SANTA CRUZ XOXOCOTLAN,SANTA INES DEL MONTE,SANTA INES DE ZARAGOZA,SANTA MAGDALENA JICOTLAN,SANTA MARIA CAMOTLAN,SANTA MARIA CHACHOAPAM,VILLA DE CHILAPA DE DIAZ,SANTA MARIA NATIVITAS,SANTA MARIA NDUAYACO,SANTA MARIA PE?OLES,SANTA MARIA TATALTEPEC,SANTIAGO AYUQUILILLA,SANTIAGO CACALOXTEPEC,SANTIAGO CHAZUMBA,SANTIAGO HUAJOLOTITLAN,SANTIAGO IHUITLAN PLUMAS,SANTIAGO MILTEPEC,SANTIAGO NEJAPILLA,SANTIAGO TEPETLAPA,SANTIAGO TILANTONGO,SANTIAGO TILLO,SANTIAGO TLAZOYALTEPEC,SANTIAGO YOLOMECATL,SANTO DOMINGO NUXAA,SANTO DOMINGO TLATAYAPAM,SANTO DOMINGO TONALTEPEC,SANTO DOMINGO YANHUITLAN-NATIONAL_LOWER-runoff-2021",
277,Diputación del Distrito Federal 3 de PUEBLA,-1,2021-04-04,2021-06-02,"MX-PUE-ACATENO,ATEMPAN,AYOTOXCO DE GUERRERO,CUETZALAN DEL PROGRESO,CHIGNAUTLA,HUEYAPAN,HUEYTAMALCO,TENAMPULCO,TETELES DE AVILA CASTILLO,TEZIUTLAN,TLATLAUQUITEPEC,YAONAHUAC,ZACAPOAXTLA,ZARAGOZA-NATIONAL_LOWER-runoff-2021",
293,Diputación del Distrito Federal 3 de QUERÉTARO,-1,2021-04-04,2021-06-02,MX-QUE-QUERÉTARO-NATIONAL_LOWER-runoff-2021,
287,Diputación del Distrito Federal 3 de QUINTANA ROO,-1,2021-04-04,2021-06-02,MX-ROO-BENITO JUAREZ-NATIONAL_LOWER-runoff-2021,
309,Diputación del Distrito Federal 3 de SAN LUIS POTOSÍ,-1,2021-04-04,2021-06-02,"MX-SLP-ALAQUINES,ARMADILLO DE LOS INFANTE,CARDENAS,CERRITOS,CIUDAD DEL MAIZ,CIUDAD FERNANDEZ,GUADALCAZAR,LAGUNILLAS,RAYON,RIOVERDE,SAN CIRO DE ACOSTA,SAN NICOLAS TOLENTINO,SANTA CATARINA,VILLA DE ARISTA,VILLA HIDALGO,VILLA JUAREZ-NATIONAL_LOWER-runoff-2021",
300,Diputación del Distrito Federal 3 de SINALOA,-1,2021-04-04,2021-06-02,"MX-SIN-BADIRAGUATO,MOCORITO,SALVADOR ALVARADO,SINALOA,ANGOSTURA,NAVOLATO-NATIONAL_LOWER-runoff-2021",
318,Diputación del Distrito Federal 3 de SONORA,-1,2021-04-04,2021-06-02,MX-SON-HERMOSILLO-NATIONAL_LOWER-runoff-2021,
326,Diputación del Distrito Federal 3 de TABASCO,-1,2021-04-04,2021-06-02,"MX-TAB-COMALCALCO,CUNDUACAN-NATIONAL_LOWER-runoff-2021",
337,Diputación del Distrito Federal 3 de TAMAULIPAS,-1,2021-04-04,2021-06-02,"MX-TAM-SAN FERNANDO,VALLE HERMOSO,BURGOS,CRUILLAS,MATAMOROS,MENDEZ,RIO BRAVO-NATIONAL_LOWER-runoff-2021",
333,Diputación del Distrito Federal 3 de TLAXCALA,-1,2021-04-04,2021-06-02,"MX-TLA-AMAXAC DE GUERRERO,APIZACO,CALPULALPAN,MU?OZ DE DOMINGO ARENAS,ESPA?ITA,HUEYOTLIPAN,IXTACUIXTLA DE MARIANO MATAMOROS,TEPETITLA DE LARDIZABAL,SANCTORUM DE LAZARO CARDENAS,NANACAMILPA DE MARIANO ARISTA,NATIVITAS,PANOTLA,TETLATLAHUCA,TLAXCALA,TOTOLAC,XALTOCAN,XICOHTZINCO,YAUHQUEMEHCAN,ZACATELCO,SANTA APOLONIA TEACALCO,SANTA CRUZ QUILEHTLA,SAN JUAN HUACTZINCO,SANTA CATARINA AYOMETLA,SAN DAMIAN TEXOLOC,SAN JERONIMO ZACUALPAN,SAN LUCAS TECOPILCO,SANTA ANA NOPALUCAN,SAN LORENZO AXOCOMANITLA,BENITO JUAREZ-NATIONAL_LOWER-runoff-2021",
358,Diputación del Distrito Federal 3 de VERACRUZ DE IGNACIO DE LA LLAVE,-1,2021-04-04,2021-06-02,"MX-VER-ALAMO TEMAPACHE,CASTILLO DE TEAYO,CAZONES DE HERRERA,CERRO AZUL,TEPETZINTLA,TUXPAN-NATIONAL_LOWER-runoff-2021",
368,Diputación del Distrito Federal 3 de YUCATÁN,-1,2021-04-04,2021-06-02,"MX-YUC-MERIDA,KANASIN-NATIONAL_LOWER-runoff-2021",
374,Diputación del Distrito Federal 3 de ZACATECAS,-1,2021-04-04,2021-06-02,"MX-ZAC-CONCEPCION DEL ORO,GENERAL FRANCISCO R. MURGUIA,JUAN ALDAMA,MAZAPIL,MELCHOR OCAMPO,MIGUEL AUZA,MORELOS,PANUCO,RIO GRANDE,EL SALVADOR,VETAGRANDE,VILLA DE COS,ZACATECAS-NATIONAL_LOWER-runoff-2021",
144,Diputación del Distrito Federal 30 de ESTADO DE MÉXICO,-1,2021-04-04,2021-06-02,"MX-MEX-CHICOLOAPAN,CHIMALHUACAN-NATIONAL_LOWER-runoff-2021",
145,Diputación del Distrito Federal 31 de ESTADO DE MÉXICO,-1,2021-04-04,2021-06-02,MX-MEX-NEZAHUALCOYOTL-NATIONAL_LOWER-runoff-2021,
146,Diputación del Distrito Federal 32 de ESTADO DE MÉXICO,-1,2021-04-04,2021-06-02,MX-MEX-VALLE DE CHALCO SOLIDARIDAD-NATIONAL_LOWER-runoff-2021,
147,Diputación del Distrito Federal 33 de ESTADO DE MÉXICO,-1,2021-04-04,2021-06-02,"MX-MEX-COCOTITLAN,CHALCO,TEMAMATLA-NATIONAL_LOWER-runoff-2021",
148,Diputación del Distrito Federal 34 de ESTADO DE MÉXICO,-1,2021-04-04,2021-06-02,MX-MEX-TOLUCA-NATIONAL_LOWER-runoff-2021,
149,Diputación del Distrito Federal 35 de ESTADO DE MÉXICO,-1,2021-04-04,2021-06-02,"MX-MEX-COATEPEC HARINAS,IXTAPAN DE LA SAL,JOQUICINGO,MALINALCO,RAYON,TENANCINGO,TENANGO DEL VALLE,TONATICO,VILLA GUERRERO,ZUMPAHUACAN-NATIONAL_LOWER-runoff-2021",
150,Diputación del Distrito Federal 36 de ESTADO DE MÉXICO,-1,2021-04-04,2021-06-02,"MX-MEX-TEJUPILCO,TEMASCALTEPEC,TEXCALTITLAN,TLATLAYA,VALLE DE BRAVO,ZACAZONAPAN,ZACUALPAN,LUVIANOS,ALMOLOYA DE ALQUISIRAS,AMANALCO,AMATEPEC,IXTAPAN DEL ORO,OTZOLOAPAN,SAN SIMON DE GUERRERO,SANTO TOMAS,SULTEPEC-NATIONAL_LOWER-runoff-2021",
151,Diputación del Distrito Federal 37 de ESTADO DE MÉXICO,-1,2021-04-04,2021-06-02,"MX-MEX-COYOTEPEC,CUAUTITLAN,MELCHOR OCAMPO,TEOLOYUCAN,TEPOTZOTLAN-NATIONAL_LOWER-runoff-2021",
152,Diputación del Distrito Federal 38 de ESTADO DE MÉXICO,-1,2021-04-04,2021-06-02,"MX-MEX-ATENCO,CHICONCUAC,TEXCOCO,TEZOYUCA-NATIONAL_LOWER-runoff-2021",
153,Diputación del Distrito Federal 39 de ESTADO DE MÉXICO,-1,2021-04-04,2021-06-02,"MX-MEX-CHIMALHUACAN,LA PAZ-NATIONAL_LOWER-runoff-2021",
12,Diputación del Distrito Federal 4 de BAJA CALIFORNIA,-1,2021-04-04,2021-06-02,"MX-BCN-TECATE,TIJUANA-NATIONAL_LOWER-runoff-2021",
57,Diputación del Distrito Federal 4 de CHIAPAS,-1,2021-04-04,2021-06-02,"MX-CHP-BERRIOZABAL,COAPILLA,COPAINALA,CHAPULTENANGO,CHICOASEN,FRANCISCO LEON,IXTACOMITAN,IXTAPANGAJOYA,JUAREZ,OCOTEPEC,OSTUACAN,OSUMACINTA,PANTEPEC,PICHUCALCO,RAYON,REFORMA,SAN FERNANDO,SOLOSUCHIAPA,SUNUAPA,TAPALAPA,TAPILULA,TECPATAN,MEZCALAPA-NATIONAL_LOWER-runoff-2021",
26,Diputación del Distrito Federal 4 de CHIHUAHUA,-1,2021-04-04,2021-06-02,MX-CHH-JUAREZ-NATIONAL_LOWER-runoff-2021,
98,Diputación del Distrito Federal 4 de CIUDAD DE MÉXICO,-1,2021-04-04,2021-06-02,MX-CMX-IZTAPALAPA-NATIONAL_LOWER-runoff-2021,
44,Diputación del Distrito Federal 4 de COAHUILA DE ZARAGOZA,-1,2021-04-04,2021-06-02,"MX-COA-ARTEAGA,SALTILLO-NATIONAL_LOWER-runoff-2021",
108,Diputación del Distrito Federal 4 de DURANGO,-1,2021-04-04,2021-06-02,MX-DUR-DURANGO-NATIONAL_LOWER-runoff-2021,
154,Diputación del Distrito Federal 4 de ESTADO DE MÉXICO,-1,2021-04-04,2021-06-02,"MX-MEX-ISIDRO FABELA,NICOLAS ROMERO-NATIONAL_LOWER-runoff-2021",
183,Diputación del Distrito Federal 4 de GUANAJUATO,-1,2021-04-04,2021-06-02,"MX-GUA-GUANAJUATO,OCAMPO,SAN DIEGO DE LA UNION,SAN FELIPE-NATIONAL_LOWER-runoff-2021",
167,Diputación del Distrito Federal 4 de GUERRERO,-1,2021-04-04,2021-06-02,MX-GRO-ACAPULCO DE JUAREZ-NATIONAL_LOWER-runoff-2021,
193,Diputación del Distrito Federal 4 de HIDALGO,-1,2021-04-04,2021-06-02,"MX-HID-ACATLAN,ACAXOCHITLAN,AGUA BLANCA DE ITURBIDE,CUAUTEPEC DE HINOJOSA,HUEHUETLA,METEPEC,SAN BARTOLO TUTOTEPEC,SANTIAGO TULANTEPEC DE LUGO GUERRERO,TENANGO DE DORIA,TULANCINGO DE BRAVO-NATIONAL_LOWER-runoff-2021",
212,Diputación del Distrito Federal 4 de JALISCO,-1,2021-04-04,2021-06-02,MX-JAL-ZAPOPAN-NATIONAL_LOWER-runoff-2021,
226,Diputación del Distrito Federal 4 de MICHOACÁN DE OCAMPO,-1,2021-04-04,2021-06-02,"MX-MIC-BRISE?AS,COTIJA,CHAVINDA,JIQUILPAN,MARCOS CASTELLANOS,PAJACUARAN,COJUMATLAN DE REGULES,LOS REYES,SAHUAYO,TANGAMANDAPIO,TING?INDIN,TOCUMBO,VENUSTIANO CARRANZA,VILLAMAR,VISTA HERMOSA-NATIONAL_LOWER-runoff-2021",
236,Diputación del Distrito Federal 4 de MORELOS,-1,2021-04-04,2021-06-02,"MX-MOR-AMACUZAC,COATLAN DEL RIO,JOJUTLA,MAZATEPEC,MIACATLAN,PUENTE DE IXTLA,TEMIXCO,TETECALA,TLAQUILTENANGO,ZACATEPEC,COATETELCO,XOXOCOTLA-NATIONAL_LOWER-runoff-2021",
251,Diputación del Distrito Federal 4 de NUEVO LEÓN,-1,2021-04-04,2021-06-02,"MX-NLE-APODACA,SAN NICOLAS DE LOS GARZA-NATIONAL_LOWER-runoff-2021",
262,Diputación del Distrito Federal 4 de OAXACA,-1,2021-04-04,2021-06-02,"MX-OAX-ABEJONES,ANIMAS TRUJANO,ASUNCION CACALOTEPEC,ASUNCION OCOTLAN,GUELATAO DE JUAREZ,IXTLAN DE JUAREZ,MAGDALENA OCOTLAN,MAGDALENA TEITIPAC,MIXISTLAN DE LA REFORMA,NATIVIDAD,NUEVO ZOQUIAPAM,OCOTLAN DE MORELOS,ROJAS DE CUAUHTEMOC,SAN AGUSTIN DE LAS JUNTAS,SAN ANDRES SOLAGA,SAN ANDRES YAA,SAN ANTONINO CASTILLO VELASCO,SAN ANTONIO DE LA CAL,SAN BALTAZAR CHICHICAPAM,SAN BALTAZAR YATZACHI EL BAJO,SAN BARTOLOME QUIALANA,SAN BARTOLOME ZOOGOCHO,SAN CRISTOBAL LACHIRIOAG,SAN DIONISIO OCOTEPEC,SAN PABLO YAGANIZA,SAN PEDRO APOSTOL,SAN PEDRO CAJONOS,SAN PEDRO MARTIR,SAN PEDRO OCOTEPEC,SAN PEDRO TAVICHE,SAN PEDRO Y SAN PABLO AYUTLA,SAN PEDRO YANERI,SAN PEDRO YOLOX,SAN SEBASTIAN ABASOLO,SAN SEBASTIAN TEITIPAC,SAN SEBASTIAN TUTLA,SANTA ANA DEL VALLE,SANTA ANA YARENI,SANTA ANA ZEGACHE,SANTA CATARINA IXTEPEJI,SANTA CATARINA LACHATAO,SANTA CATARINA MINAS,SANTA CRUZ AMILPAS,SANTA CRUZ PAPALUTLA,SANTA GERTRUDIS,SANTA INES YATZECHE,SANTA LUCIA OCOTLAN,SANTA MARIA ALOTEPEC,SANTA MARIA COYOTEPEC,SANTA MARIA DEL TULE,SANTA MARIA GUELACE,SANTA MARIA JALTIANGUIS,SANTA MARIA TEMAXCALAPA,SANTA MARIA TEPANTLALI,SANTA MARIA TLAHUITOLTEPEC,SANTA MARIA YALINA,SANTA MARIA YAVESIA,SANTIAGO APOSTOL,SANTIAGO ATITLAN,SANTIAGO CAMOTLAN,SAN DIONISIO OCOTLAN,SAN FRANCISCO CAJONOS,SAN FRANCISCO LACHIGOLO,SAN ILDEFONSO VILLA ALTA,SAN JERONIMO TAVICHE,SAN JERONIMO TLACOCHAHUAYA,SAN JOSE DEL PROGRESO,SAN JUAN ATEPEC,SAN JUAN CHICOMEZUCHIL,SAN JUAN CHILATECA,SAN JUAN COMALTEPEC,SAN JUAN DEL RIO,SAN JUAN EVANGELISTA ANALCO,SAN JUAN GUELAVIA,SAN JUAN JUQUILA MIXES,SAN JUAN JUQUILA VIJANOS,SAN JUAN PETLAPA,SAN JUAN TABAA,SAN JUAN TEITIPAC,SAN JUAN YAEE,SAN JUAN YATZONA,SAN LORENZO ALBARRADAS,SAN LUCAS CAMOTLAN,SAN LUCAS QUIAVINI,SAN MARTIN TILCAJETE,SAN MATEO CAJONOS,SAN MELCHOR BETAZA,SAN MIGUEL AMATLAN,SAN MIGUEL DEL RIO,SAN MIGUEL QUETZALTEPEC,VILLA TALEA DE CASTRO,SAN MIGUEL TILQUIAPAM,SAN MIGUEL YOTAO,SAN PABLO HUIXTEPEC,SAN PABLO MACUILTIANGUIS,SAN PABLO VILLA DE MITLA,SANTIAGO COMALTEPEC,SANTIAGO LALOPA,SANTIAGO LAXOPA,SANTIAGO MATATLAN,SANTIAGO XIACUI,SANTIAGO ZACATEPEC,SANTIAGO ZOOCHILA,SANTO DOMINGO ALBARRADAS,SANTO DOMINGO ROAYAGA,SANTO DOMINGO TEPUXTEPEC,SANTO DOMINGO TOMALTEPEC,SANTO DOMINGO XAGACIA,SANTO TOMAS JALIEZA,TAMAZULAPAM DEL ESPIRITU SANTO,TANETZE DE ZARAGOZA,TEOCOCUILCO DE MARCOS PEREZ,TEOTITLAN DEL VALLE,TLACOLULA DE MATAMOROS,TLALIXTAC DE CABRERA,TOTONTEPEC VILLA DE MORELOS,CAPULALPAM DE MENDEZ,VILLA DIAZ ORDAZ,VILLA HIDALGO,YAXE,ZIMATLAN DE ALVAREZ-NATIONAL_LOWER-runoff-2021",
278,Diputación del Distrito Federal 4 de PUEBLA,-1,2021-04-04,2021-06-02,"MX-PUE-ZINACATEPEC,ZOQUITLAN,AJALPAN,ALTEPEXI,CALTEPEC,CA?ADA MORELOS,COXCATLAN,COYOMEAPAN,CHAPULCO,ELOXOCHITLAN,GENERAL FELIPE ANGELES,NICOLAS BRAVO,PALMAR DE BRAVO,QUECHOLAC,SAN ANTONIO CA?ADA,SAN GABRIEL CHILAC,SAN JOSE MIAHUATLAN,SAN SEBASTIAN TLACOTEPEC,VICENTE GUERRERO,ZAPOTITLAN-NATIONAL_LOWER-runoff-2021",
294,Diputación del Distrito Federal 4 de QUERÉTARO,-1,2021-04-04,2021-06-02,MX-QUE-QUERÉTARO-NATIONAL_LOWER-runoff-2021,
288,Diputación del Distrito Federal 4 de QUINTANA ROO,-1,2021-04-04,2021-06-02,"MX-ROO-BENITO JUAREZ,PUERTO MORELOS-NATIONAL_LOWER-runoff-2021",
310,Diputación del Distrito Federal 4 de SAN LUIS POTOSÍ,-1,2021-04-04,2021-06-02,"MX-SLP-CIUDAD VALLES,EBANO,SAN VICENTE TANCUAYALAB,TAMASOPO,TAMUIN,TANQUIAN DE ESCOBEDO,EL NARANJO-NATIONAL_LOWER-runoff-2021",
301,Diputación del Distrito Federal 4 de SINALOA,-1,2021-04-04,2021-06-02,"MX-SIN-CHOIX,EL FUERTE,GUASAVE-NATIONAL_LOWER-runoff-2021",
319,Diputación del Distrito Federal 4 de SONORA,-1,2021-04-04,2021-06-02,"MX-SON-ACONCHI,ARIVECHI,BACADEHUACHI,BACANORA,BACERAC,BANAMICHI,BAVIACORA,BAVISPE,BENJAMIN HILL,CUMPAS,DIVISADEROS,GRANADOS,HUACHINERA,HUASABAS,HUEPAC,MOCTEZUMA,NACORI CHICO,NACOZARI DE GARCIA,SAHUARIPA,SAN FELIPE DE JESUS,SAN JAVIER,SAN PEDRO DE LA CUEVA,SANTA ANA,SOYOPA,SUAQUI GRANDE,TEPACHE,VILLA HIDALGO,VILLA PESQUEIRA,CARBO,LA COLORADA,MAZATAN,OPODEPE,RAYON,SAN MIGUEL DE HORCASITAS,URES,BACUM,EMPALME,GUAYMAS,ONAVAS,YECORA,SAN IGNACIO RIO MUERTO-NATIONAL_LOWER-runoff-2021",
327,Diputación del Distrito Federal 4 de TABASCO,-1,2021-04-04,2021-06-02,MX-TAB-CENTRO-NATIONAL_LOWER-runoff-2021,
338,Diputación del Distrito Federal 4 de TAMAULIPAS,-1,2021-04-04,2021-06-02,MX-TAM-MATAMOROS-NATIONAL_LOWER-runoff-2021,
359,Diputación del Distrito Federal 4 de VERACRUZ DE IGNACIO DE LA LLAVE,-1,2021-04-04,2021-06-02,MX-VER-VERACRUZ-NATIONAL_LOWER-runoff-2021,
369,Diputación del Distrito Federal 4 de YUCATÁN,-1,2021-04-04,2021-06-02,MX-YUC-MERIDA-NATIONAL_LOWER-runoff-2021,
375,Diputación del Distrito Federal 4 de ZACATECAS,-1,2021-04-04,2021-06-02,"MX-ZAC-GENERAL PANFILO NATERA,GUADALUPE,LORETO,NORIA DE ANGELES,PINOS,VILLA GARCIA,VILLA GONZALEZ ORTEGA,VILLA HIDALGO-NATIONAL_LOWER-runoff-2021",
155,Diputación del Distrito Federal 40 de ESTADO DE MÉXICO,-1,2021-04-04,2021-06-02,"MX-MEX-ALMOLOYA DE JUAREZ,TEMOAYA,ZINACANTEPEC-NATIONAL_LOWER-runoff-2021",
156,Diputación del Distrito Federal 41 de ESTADO DE MÉXICO,-1,2021-04-04,2021-06-02,MX-MEX-TECAMAC-NATIONAL_LOWER-runoff-2021,
13,Diputación del Distrito Federal 5 de BAJA CALIFORNIA,-1,2021-04-04,2021-06-02,MX-BCN-TIJUANA-NATIONAL_LOWER-runoff-2021,
58,Diputación del Distrito Federal 5 de CHIAPAS,-1,2021-04-04,2021-06-02,"MX-CHP-CHAMULA,SAN CRISTOBAL DE LAS CASAS,SAN JUAN CANCUC,SAN LUCAS,TENEJAPA,ZINACANTAN-NATIONAL_LOWER-runoff-2021",
27,Diputación del Distrito Federal 5 de CHIHUAHUA,-1,2021-04-04,2021-06-02,"MX-CHH-ALDAMA,AQUILES SERDAN,CAMARGO,COYAME DEL SOTOL,LA CRUZ,DELICIAS,JIMENEZ,JULIMES,MANUEL BENAVIDES,MEOQUI,OJINAGA,ROSALES,SAN FRANCISCO DE CONCHOS,SAUCILLO-NATIONAL_LOWER-runoff-2021",
99,Diputación del Distrito Federal 5 de CIUDAD DE MÉXICO,-1,2021-04-04,2021-06-02,MX-CMX-TLALPAN-NATIONAL_LOWER-runoff-2021,
45,Diputación del Distrito Federal 5 de COAHUILA DE ZARAGOZA,-1,2021-04-04,2021-06-02,MX-COA-TORREON-NATIONAL_LOWER-runoff-2021,
157,Diputación del Distrito Federal 5 de ESTADO DE MÉXICO,-1,2021-04-04,2021-06-02,"MX-MEX-ACOLMAN,AXAPUSCO,CHIAUTLA,NOPALTEPEC,OTUMBA,PAPALOTLA,SAN MARTIN DE LAS PIRAMIDES,TEMASCALAPA,TEOTIHUACAN,TEPETLAOXTOC,TEZOYUCA-NATIONAL_LOWER-runoff-2021",
184,Diputación del Distrito Federal 5 de GUANAJUATO,-1,2021-04-04,2021-06-02,MX-GUA-LEON-NATIONAL_LOWER-runoff-2021,
168,Diputación del Distrito Federal 5 de GUERRERO,-1,2021-04-04,2021-06-02,"MX-GRO-ALCOZAUCA DE GUERRERO,ALPOYECA,ATLAMAJALCINGO DEL MONTE,CUALAC,HUAMUXTITLAN,IGUALAPA,MALINALTEPEC,METLATONOC,OLINALA,SAN LUIS ACATLAN,TLACOACHISTLAHUACA,TLALIXTAQUILLA DE MALDONADO,TLAPA DE COMONFORT,XALPATLAHUAC,XOCHIHUEHUETLAN,XOCHISTLAHUACA,ILIATENCO,COCHOAPA EL GRANDE-NATIONAL_LOWER-runoff-2021",
194,Diputación del Distrito Federal 5 de HIDALGO,-1,2021-04-04,2021-06-02,"MX-HID-NOPALA DE VILLAGRAN,TEPEJI DEL RIO DE OCAMPO,TEPETITLAN,TEZONTEPEC DE ALDAMA,TLAXCOAPAN,TULA DE ALLENDE,ATITALAQUIA,ATOTONILCO DE TULA,CHAPANTONGO,HUICHAPAN-NATIONAL_LOWER-runoff-2021",
213,Diputación del Distrito Federal 5 de JALISCO,-1,2021-04-04,2021-06-02,"MX-JAL-ATENGUILLO,CABO CORRIENTES,GUACHINANGO,MASCOTA,MIXTLAN,PUERTO VALLARTA,SAN SEBASTIAN DEL OESTE,TALPA DE ALLENDE,TOMATLAN-NATIONAL_LOWER-runoff-2021",
227,Diputación del Distrito Federal 5 de MICHOACÁN DE OCAMPO,-1,2021-04-04,2021-06-02,"MX-MIC-CHURINTZIO,ECUANDUREO,IXTLAN,NUMARAN,LA PIEDAD,TANHUATO,YURECUARO,ZAMORA,ZINAPARO-NATIONAL_LOWER-runoff-2021",
237,Diputación del Distrito Federal 5 de MORELOS,-1,2021-04-04,2021-06-02,"MX-MOR-ATLATLAHUCAN,HUITZILAC,JANTETELCO,JONACATEPEC,OCUITUCO,TEPOZTLAN,TETELA DEL VOLCAN,TLALNEPANTLA,TLAYACAPAN,TOTOLAPAN,YAUTEPEC,YECAPIXTLA,ZACUALPAN DE AMILPAS,TEMOAC-NATIONAL_LOWER-runoff-2021",
252,Diputación del Distrito Federal 5 de NUEVO LEÓN,-1,2021-04-04,2021-06-02,MX-NLE-MONTERREY-NATIONAL_LOWER-runoff-2021,
263,Diputación del Distrito Federal 5 de OAXACA,-1,2021-04-04,2021-06-02,"MX-OAX-SAN CARLOS YAUTEPEC,SAN FRANCISCO OZOLOTEPEC,SAN JOSE LACHIGUIRI,SAN JUAN COTZOCON,SAN JUAN LAJARCIA,SAN JUAN LALANA,SAN JUAN MAZATLAN,SAN JUAN MIXTEPEC,SAN JUAN OZOLOTEPEC,SAN MIGUEL DEL PUERTO,SAN MIGUEL TENANGO,SAN PEDRO COMITANCILLO,SAN PEDRO HUAMELULA,SAN PEDRO HUILOTEPEC,SAN PEDRO MARTIR QUIECHAPA,SAN PEDRO MIXTEPEC,SAN PEDRO QUIATONI,SAN PEDRO TOTOLAPAM,SANTA ANA TAVELA,SANTA CATALINA QUIERI,SANTA CATARINA QUIOQUITANI,SANTA MARIA ECATEPEC,SANTA MARIA GUIENAGATI,SANTA MARIA JALAPA DEL MARQUES,SANTA MARIA MIXTEQUILLA,SANTA MARIA QUIEGOLANI,SANTA MARIA TOTOLAPILLA,SANTA MARIA ZOQUITLAN,SANTIAGO ASTATA,SANTIAGO CHOAPAM,SANTIAGO IXCUINTEPEC,SANTIAGO LACHIGUIRI,SANTIAGO LAOLLAGA,ASUNCION TLACOLULITA,GUEVEA DE HUMBOLDT,MAGDALENA TEQUISISTLAN,MAGDALENA TLACOTEPEC,NEJAPA DE MADERO,SALINA CRUZ,SAN BARTOLO YAUTEPEC,SAN BLAS ATEMPA,SANTIAGO XANICA,SANTIAGO YAVEO,SANTO DOMINGO CHIHUITAN,SANTO DOMINGO TEHUANTEPEC-NATIONAL_LOWER-runoff-2021",
279,Diputación del Distrito Federal 5 de PUEBLA,-1,2021-04-04,2021-06-02,"MX-PUE-CALPAN,CHIAUTZINGO,DOMINGO ARENAS,HUEJOTZINGO,NEALTICAN,SAN FELIPE TEOTLALCINGO,SAN MARTIN TEXMELUCAN,SAN MATIAS TLALANCALECA,SAN MIGUEL XOXTLA,SAN NICOLAS DE LOS RANCHOS,SAN SALVADOR EL VERDE,TLAHUAPAN,TLALTENANGO-NATIONAL_LOWER-runoff-2021",
295,Diputación del Distrito Federal 5 de QUERÉTARO,-1,2021-04-04,2021-06-02,"MX-QUE-AMEALCO DE BONFIL,CORREGIDORA,HUIMILPAN,EL MARQUES-NATIONAL_LOWER-runoff-2021",
311,Diputación del Distrito Federal 5 de SAN LUIS POTOSÍ,-1,2021-04-04,2021-06-02,MX-SLP-SAN LUIS POTOSI-NATIONAL_LOWER-runoff-2021,
302,Diputación del Distrito Federal 5 de SINALOA,-1,2021-04-04,2021-06-02,MX-SIN-CULIACÁN-NATIONAL_LOWER-runoff-2021,
320,Diputación del Distrito Federal 5 de SONORA,-1,2021-04-04,2021-06-02,MX-SON-HERMOSILLO-NATIONAL_LOWER-runoff-2021,
328,Diputación del Distrito Federal 5 de TABASCO,-1,2021-04-04,2021-06-02,"MX-TAB-CENTLA,JALPA DE MENDEZ,NACAJUCA,PARAISO-NATIONAL_LOWER-runoff-2021",
339,Diputación del Distrito Federal 5 de TAMAULIPAS,-1,2021-04-04,2021-06-02,"MX-TAM-G?EMEZ,HIDALGO,MAINERO,PADILLA,SAN CARLOS,SAN NICOLAS,VICTORIA,VILLAGRAN-NATIONAL_LOWER-runoff-2021",
360,Diputación del Distrito Federal 5 de VERACRUZ DE IGNACIO DE LA LLAVE,-1,2021-04-04,2021-06-02,"MX-VER-COATZINTLA,POZA RICA DE HIDALGO,TIHUATLAN-NATIONAL_LOWER-runoff-2021",
370,Diputación del Distrito Federal 5 de YUCATÁN,-1,2021-04-04,2021-06-02,"MX-YUC-ABALA,AKIL,CANTAMAYEC,CUZAMA,CHACSINKIN,CHAPAB,CHOCHOLA,CHUMAYEL,DZAN,HALACHO,HOMUN,HUHI,KOPOMA,MAMA,MANI,MAXCANU,MAYAPAN,MERIDA,MUNA,OPICHEN,OXKUTZCAB,PETO,SACALUM,SANAHCAT,SANTA ELENA,SOTUTA,TAHDZIU,TEABO,TECOH,TEKAX,TEKIT,TICUL,TIXMEHUAC,TZUCACAB,UMAN-NATIONAL_LOWER-runoff-2021",
14,Diputación del Distrito Federal 6 de BAJA CALIFORNIA,-1,2021-04-04,2021-06-02,MX-BCN-TIJUANA-NATIONAL_LOWER-runoff-2021,
59,Diputación del Distrito Federal 6 de CHIAPAS,-1,2021-04-04,2021-06-02,"MX-CHP-ACALA,CHIAPA DE CORZO,CHIAPILLA,OCOZOCOAUTLA DE ESPINOSA,SUCHIAPA,TOTOLAPA,TUXTLA GUTIERREZ,EMILIANO ZAPATA-NATIONAL_LOWER-runoff-2021",
28,Diputación del Distrito Federal 6 de CHIHUAHUA,-1,2021-04-04,2021-06-02,MX-CHH-CHIHUAHUA-NATIONAL_LOWER-runoff-2021,
100,Diputación del Distrito Federal 6 de CIUDAD DE MÉXICO,-1,2021-04-04,2021-06-02,"MX-CMX-LA MAGDALENA CONTRERAS,ALVARO OBREGON-NATIONAL_LOWER-runoff-2021",
46,Diputación del Distrito Federal 6 de COAHUILA DE ZARAGOZA,-1,2021-04-04,2021-06-02,"MX-COA-MATAMOROS,TORREON,VIESCA-NATIONAL_LOWER-runoff-2021",
158,Diputación del Distrito Federal 6 de ESTADO DE MÉXICO,-1,2021-04-04,2021-06-02,"MX-MEX-COACALCO DE BERRIOZABAL,ECATEPEC DE MORELOS,JALTENCO-NATIONAL_LOWER-runoff-2021",
185,Diputación del Distrito Federal 6 de GUANAJUATO,-1,2021-04-04,2021-06-02,MX-GUA-LEON-NATIONAL_LOWER-runoff-2021,
169,Diputación del Distrito Federal 6 de GUERRERO,-1,2021-04-04,2021-06-02,"MX-GRO-AHUACUOTZINGO,ATLIXTAC,COPANATOYAC,CHILAPA DE ALVAREZ,MARTIR DE CUILAPAN,MOCHITLAN,QUECHULTENANGO,TIXTLA DE GUERRERO,TLACOAPA,ZAPOTITLAN TABLAS,ZITLALA,ACATEPEC,JOSE JOAQUIN DE HERRERA-NATIONAL_LOWER-runoff-2021",
195,Diputación del Distrito Federal 6 de HIDALGO,-1,2021-04-04,2021-06-02,"MX-HID-PACHUCA DE SOTO,TIZAYUCA,TOLCAYUCA,ZAPOTLAN DE JUAREZ-NATIONAL_LOWER-runoff-2021",
214,Diputación del Distrito Federal 6 de JALISCO,-1,2021-04-04,2021-06-02,MX-JAL-ZAPOPAN-NATIONAL_LOWER-runoff-2021,
228,Diputación del Distrito Federal 6 de MICHOACÁN DE OCAMPO,-1,2021-04-04,2021-06-02,"MX-MIC-APORO,CONTEPEC,EPITACIO HUERTA,HIDALGO,IRIMBO,MARAVATIO,QUERENDARO,SENGUIO,TLALPUJAHUA,ZINAPECUARO-NATIONAL_LOWER-runoff-2021",
253,Diputación del Distrito Federal 6 de NUEVO LEÓN,-1,2021-04-04,2021-06-02,MX-NLE-MONTERREY-NATIONAL_LOWER-runoff-2021,
264,Diputación del Distrito Federal 6 de OAXACA,-1,2021-04-04,2021-06-02,"MX-OAX-SAN MARCOS ARTEAGA,SAN MARTIN HUAMELULPAM,SAN MARTIN ITUNYOSO,SAN MARTIN PERAS,SAN MARTIN ZACATEPEC,SAN MATEO NEJAPAM,SAN MATEO PE?ASCO,SAN MIGUEL AHUEHUETITLAN,SAN MIGUEL AMATITLAN,SAN MIGUEL EL GRANDE,SAN MIGUEL TLACOTEPEC,SAN NICOLAS HIDALGO,SAN PABLO TIJALTEPEC,SAN PEDRO MARTIR YUCUXACO,SAN PEDRO MOLINOS,SAN SEBASTIAN NICANANDUTA,SAN SEBASTIAN TECOMAXTLAHUACA,SAN SIMON ZAHUATLAN,SANTA CATARINA TICUA,SANTA CATARINA YOSONOTU,SANTA CRUZ DE BRAVO,SANTA CRUZ ITUNDUJIA,SANTA CRUZ NUNDACO,SANTA CRUZ TACACHE DE MINA,SANTA CRUZ TACAHUA,SANTA LUCIA MONTEVERDE,SANTA MARIA DEL ROSARIO,SANTA MARIA YOLOTEPEC,SANTA MARIA YOSOYUA,SANTA MARIA YUCUHITI,SANTA MARIA ZACATEPEC,SANTA MARIA ZANIZA,SANTIAGO AMOLTEPEC,SANTIAGO DEL RIO,SANTIAGO JUXTLAHUACA,CALIHUALA,CHALCATONGO DE HIDALGO,COICOYAN DE LAS FLORES,CONSTANCIA DEL ROSARIO,FRESNILLO DE TRUJANO,GUADALUPE DE RAMIREZ,MESONES HIDALGO,IXPANTEPEC NIEVES,MAGDALENA PE?ASCO,MARISCALA DE JUAREZ,PUTLA VILLA DE GUERRERO,SAN AGUSTIN ATENANGO,SAN AGUSTIN TLACOTEPEC,SAN ANDRES CABECERA NUEVA,SAN ANDRES TEPETLAPA,SAN ANTONINO MONTE VERDE,SAN ANTONIO SINICAHUA,SAN CRISTOBAL AMOLTEPEC,SAN ESTEBAN ATATLAHUCA,SAN FRANCISCO CAHUACUA,SAN FRANCISCO TLAPANCINGO,SAN JORGE NUCHITA,SAN JUAN BAUTISTA TLACHICHILCO,SAN JUAN CIENEGUILLA,SAN JUAN IHUALTEPEC,SAN JUAN MIXTEPEC,SAN JUAN ?UMI,SAN JUAN TEITA,SAN LORENZO TEXMELUCAN,SAN LORENZO VICTORIA,SANTIAGO NUNDICHE,SANTIAGO NUYOO,SANTIAGO TAMAZOLA,SANTIAGO TEXTITLAN,SANTIAGO YOSONDUA,SANTIAGO YUCUYACHI,SANTO DOMINGO IXCATLAN,SANTO DOMINGO TEOJOMULCO,SANTO DOMINGO TONALA,SANTO TOMAS OCOTEPEC,SANTOS REYES TEPEJILLO,SANTOS REYES YUCUNA,SILACAYOAPAM,H VILLA TEZOATLAN SEGURA Y LUNA CUNA IND OAX,HEROICA CIUDAD DE TLAXIACO,SAN MATEO YUCUTINDOO,ZAPOTITLAN LAGUNAS-NATIONAL_LOWER-runoff-2021",
280,Diputación del Distrito Federal 6 de PUEBLA,-1,2021-04-04,2021-06-02,MX-PUE-PUEBLA-NATIONAL_LOWER-runoff-2021,
312,Diputación del Distrito Federal 6 de SAN LUIS POTOSÍ,-1,2021-04-04,2021-06-02,MX-SLP-SAN LUIS POTOSI-NATIONAL_LOWER-runoff-2021,
303,Diputación del Distrito Federal 6 de SINALOA,-1,2021-04-04,2021-06-02,"MX-SIN-CULIACÁN,ELOTA,MAZATLAN,SAN IGNACIO,COSALA-NATIONAL_LOWER-runoff-2021",
321,Diputación del Distrito Federal 6 de SONORA,-1,2021-04-04,2021-06-02,MX-SON-CAJEME-NATIONAL_LOWER-runoff-2021,
329,Diputación del Distrito Federal 6 de TABASCO,-1,2021-04-04,2021-06-02,"MX-TAB-CENTRO,JALAPA,TACOTALPA,TEAPA-NATIONAL_LOWER-runoff-2021",
340,Diputación del Distrito Federal 6 de TAMAULIPAS,-1,2021-04-04,2021-06-02,"MX-TAM-ABASOLO,ALDAMA,ANTIGUO MORELOS,BUSTAMANTE,CASAS,GOMEZ FARIAS,GONZALEZ,JAUMAVE,JIMENEZ,LLERA,EL MANTE,MIQUIHUANA,NUEVO MORELOS,OCAMPO,PALMILLAS,SOTO LA MARINA,TULA,XICOTENCATL-NATIONAL_LOWER-runoff-2021",
361,Diputación del Distrito Federal 6 de VERACRUZ DE IGNACIO DE LA LLAVE,-1,2021-04-04,2021-06-02,"MX-VER-VEGA DE ALATORRE,ZOZOCOLCO DE HIDALGO,SAN RAFAEL,COAHUITLAN,COLIPA,COXQUIHUI,COYUTLA,CHUMATLAN,ESPINAL,FILOMENO MATA,GUTIERREZ ZAMORA,MECATLAN,NAUTLA,PAPANTLA,TECOLUTLA-NATIONAL_LOWER-runoff-2021",
15,Diputación del Distrito Federal 7 de BAJA CALIFORNIA,-1,2021-04-04,2021-06-02,"MX-BCN-ENSENADA,MEXICALI,TECATE,PLAYAS DE ROSARITO-NATIONAL_LOWER-runoff-2021",
60,Diputación del Distrito Federal 7 de CHIAPAS,-1,2021-04-04,2021-06-02,"MX-CHP-ACACOYAGUA,ACAPETAHUA,ARRIAGA,ESCUINTLA,HUIXTLA,MAPASTEPEC,PIJIJIAPAN,TONALA,VILLACOMALTITLAN-NATIONAL_LOWER-runoff-2021",
29,Diputación del Distrito Federal 7 de CHIHUAHUA,-1,2021-04-04,2021-06-02,"MX-CHH-MATACHI,MORIS,NAMIQUIPA,OCAMPO,RIVA PALACIO,TEMOSACHIC,URUACHI,BACHINIVA,BOCOYNA,CUAUHTEMOC,CUSIHUIRIACHI,CHINIPAS,SANTA ISABEL,GOMEZ FARIAS,GRAN MORELOS,GUAZAPARES,GUERRERO,MADERA,MAGUARICHI-NATIONAL_LOWER-runoff-2021",
101,Diputación del Distrito Federal 7 de CIUDAD DE MÉXICO,-1,2021-04-04,2021-06-02,MX-CMX-GUSTAVO A. MADERO-NATIONAL_LOWER-runoff-2021,
47,Diputación del Distrito Federal 7 de COAHUILA DE ZARAGOZA,-1,2021-04-04,2021-06-02,"MX-COA-GENERAL CEPEDA,PARRAS,SALTILLO-NATIONAL_LOWER-runoff-2021",
159,Diputación del Distrito Federal 7 de ESTADO DE MÉXICO,-1,2021-04-04,2021-06-02,MX-MEX-CUAUTITLAN IZCALLI-NATIONAL_LOWER-runoff-2021,
186,Diputación del Distrito Federal 7 de GUANAJUATO,-1,2021-04-04,2021-06-02,"MX-GUA-MANUEL DOBLADO,PENJAMO,PURISIMA DEL RINCON,SAN FRANCISCO DEL RINCON-NATIONAL_LOWER-runoff-2021",
170,Diputación del Distrito Federal 7 de GUERRERO,-1,2021-04-04,2021-06-02,"MX-GRO-CHILPANCINGO DE LOS BRAVO,EDUARDO NERI,GENERAL HELIODORO CASTILLO,LEONARDO BRAVO-NATIONAL_LOWER-runoff-2021",
196,Diputación del Distrito Federal 7 de HIDALGO,-1,2021-04-04,2021-06-02,"MX-HID-ALMOLOYA,APAN,EMILIANO ZAPATA,EPAZOYUCAN,MINERAL DE LA REFORMA,SINGUILUCAN,TEPEAPULCO,TLANALAPA,VILLA DE TEZONTEPEC,ZEMPOALA-NATIONAL_LOWER-runoff-2021",
215,Diputación del Distrito Federal 7 de JALISCO,-1,2021-04-04,2021-06-02,MX-JAL-TONALA-NATIONAL_LOWER-runoff-2021,
229,Diputación del Distrito Federal 7 de MICHOACÁN DE OCAMPO,-1,2021-04-04,2021-06-02,"MX-MIC-TANGANCICUARO,TLAZAZALCA,ZACAPU,COENEO,CHARAPAN,CHERAN,CHILCHOTA,ERONGARICUARO,JACONA,NAHUATZEN,PARACHO,PUREPERO,QUIROGA-NATIONAL_LOWER-runoff-2021",
254,Diputación del Distrito Federal 7 de NUEVO LEÓN,-1,2021-04-04,2021-06-02,"MX-NLE-ABASOLO,AGUALEGUAS,ANAHUAC,BUSTAMANTE,CARMEN,CIENEGA DE FLORES,GARCIA,GRAL. ZUAZUA,HIDALGO,HIGUERAS,LAMPAZOS DE NARANJO,MINA,MONTERREY,PARAS,SABINAS HIDALGO,SALINAS VICTORIA,VALLECILLO,VILLALDAMA-NATIONAL_LOWER-runoff-2021",
265,Diputación del Distrito Federal 7 de OAXACA,-1,2021-04-04,2021-06-02,"MX-OAX-ASUNCION IXTALTEPEC,EL BARRIO DE LA SOLEDAD,CHAHUITES,EL ESPINAL,CIUDAD IXTEPEC,HEROICA CIUDAD DE JUCHITAN DE ZARAGOZA,MATIAS ROMERO AVENDA?O,REFORMA DE PINEDA,SAN DIONISIO DEL MAR,SAN FRANCISCO DEL MAR,SAN FRANCISCO IXHUATAN,SAN JUAN GUICHICOVI,SAN JUAN MAZATLAN,SAN MATEO DEL MAR,SAN MIGUEL CHIMALAPA,SAN PEDRO TAPANATEPEC,SANTA MARIA CHIMALAPA,SANTA MARIA PETAPA,SANTA MARIA XADANI,SANTIAGO NILTEPEC,SANTO DOMINGO INGENIO,SANTO DOMINGO PETAPA,SANTO DOMINGO ZANATEPEC,UNION HIDALGO-NATIONAL_LOWER-runoff-2021",
281,Diputación del Distrito Federal 7 de PUEBLA,-1,2021-04-04,2021-06-02,"MX-PUE-ACAJETE,ACATZINGO,AMOZOC,CUAPIAXTLA DE MADERO,CUAUTINCHAN,MIXTLA,NOPALUCAN,PUEBLA,LOS REYES DE JUAREZ,SOLTEPEC,TECALI DE HERRERA,TEPATLAXCO DE HIDALGO,TEPEACA-NATIONAL_LOWER-runoff-2021",
313,Diputación del Distrito Federal 7 de SAN LUIS POTOSÍ,-1,2021-04-04,2021-06-02,"MX-SLP-AQUISMON,TANCANHUITZ,COXCATLAN,HUEHUETLAN,SAN ANTONIO,SAN MARTIN CHALCHICUAUTLA,TAMAZUNCHALE,TAMPACAN,TAMPAMOLON CORONA,TANLAJAS,AXTLA DE TERRAZAS,XILITLA,MATLAPA-NATIONAL_LOWER-runoff-2021",
304,Diputación del Distrito Federal 7 de SINALOA,-1,2021-04-04,2021-06-02,MX-SIN-CULIACÁN-NATIONAL_LOWER-runoff-2021,
322,Diputación del Distrito Federal 7 de SONORA,-1,2021-04-04,2021-06-02,"MX-SON-HUATABAMPO,NAVOJOA,QUIRIEGO,ROSARIO,BENITO JUAREZ,ALAMOS,ETCHOJOA-NATIONAL_LOWER-runoff-2021",
341,Diputación del Distrito Federal 7 de TAMAULIPAS,-1,2021-04-04,2021-06-02,"MX-TAM-ALTAMIRA,CIUDAD MADERO-NATIONAL_LOWER-runoff-2021",
362,Diputación del Distrito Federal 7 de VERACRUZ DE IGNACIO DE LA LLAVE,-1,2021-04-04,2021-06-02,"MX-VER-ALTOTONGA,ATZALAN,JALACINGO,MARTINEZ DE LA TORRE,LAS MINAS,MISANTLA,TENOCHTITLAN,TLAPACOYAN,VILLA ALDAMA-NATIONAL_LOWER-runoff-2021",
16,Diputación del Distrito Federal 8 de BAJA CALIFORNIA,-1,2021-04-04,2021-06-02,MX-BCN-TIJUANA-NATIONAL_LOWER-runoff-2021,
61,Diputación del Distrito Federal 8 de CHIAPAS,-1,2021-04-04,2021-06-02,"MX-CHP-COMITAN DE DOMINGUEZ,FRONTERA COMALAPA,NICOLAS RUIZ,LAS ROSAS,SOCOLTENANGO,LA TRINITARIA,TZIMOL,VENUSTIANO CARRANZA-NATIONAL_LOWER-runoff-2021",
30,Diputación del Distrito Federal 8 de CHIHUAHUA,-1,2021-04-04,2021-06-02,MX-CHH-CHIHUAHUA-NATIONAL_LOWER-runoff-2021,
102,Diputación del Distrito Federal 8 de CIUDAD DE MÉXICO,-1,2021-04-04,2021-06-02,"MX-CMX-CUAUHTEMOC,VENUSTIANO CARRANZA-NATIONAL_LOWER-runoff-2021",
160,Diputación del Distrito Federal 8 de ESTADO DE MÉXICO,-1,2021-04-04,2021-06-02,MX-MEX-TULTITLAN-NATIONAL_LOWER-runoff-2021,
187,Diputación del Distrito Federal 8 de GUANAJUATO,-1,2021-04-04,2021-06-02,"MX-GUA-SALAMANCA,SANTA CRUZ DE JUVENTINO ROSAS,VILLAGRAN-NATIONAL_LOWER-runoff-2021",
171,Diputación del Distrito Federal 8 de GUERRERO,-1,2021-04-04,2021-06-02,"MX-GRO-AYUTLA DE LOS LIBRES,AZOYU,COPALA,CUAJINICUILAPA,CUAUTEPEC,FLORENCIO VILLARREAL,JUAN R. ESCUDERO,OMETEPEC,SAN MARCOS,TECOANAPA,MARQUELIA,JUCHITAN-NATIONAL_LOWER-runoff-2021",
216,Diputación del Distrito Federal 8 de JALISCO,-1,2021-04-04,2021-06-02,MX-JAL-GUADALAJARA-NATIONAL_LOWER-runoff-2021,
230,Diputación del Distrito Federal 8 de MICHOACÁN DE OCAMPO,-1,2021-04-04,2021-06-02,MX-MIC-MORELIA-NATIONAL_LOWER-runoff-2021,
255,Diputación del Distrito Federal 8 de NUEVO LEÓN,-1,2021-04-04,2021-06-02,"MX-NLE-APODACA,GUADALUPE,PESQUERIA-NATIONAL_LOWER-runoff-2021",
266,Diputación del Distrito Federal 8 de OAXACA,-1,2021-04-04,2021-06-02,"MX-OAX-OAXACA DE JUAREZ,SAN AGUSTIN YATARENI,SAN ANDRES HUAYAPAM,SAN JACINTO AMILPAS,SAN PABLO ETLA,SANTA LUCIA DEL CAMINO,SANTA MARIA ATZOMPA-NATIONAL_LOWER-runoff-2021",
282,Diputación del Distrito Federal 8 de PUEBLA,-1,2021-04-04,2021-06-02,"MX-PUE-ALJOJUCA,ATZITZINTLA,CUYOACO,CHALCHICOMULA DE SESMA,CHICHIQUILA,CHILCHOTLA,ESPERANZA,GUADALUPE VICTORIA,LAFRAGUA,LIBRES,MAZAPILTEPEC DE JUAREZ,OCOTEPEC,ORIENTAL,QUIMIXTLAN,RAFAEL LARA GRAJALES,SAN JOSE CHIAPA,SAN JUAN ATENCO,SAN NICOLAS BUENOS AIRES,SAN SALVADOR EL SECO,TEPEYAHUALCO,TLACHICHUCA,XIUTETELCO-NATIONAL_LOWER-runoff-2021",
342,Diputación del Distrito Federal 8 de TAMAULIPAS,-1,2021-04-04,2021-06-02,"MX-TAM-CIUDAD MADERO,TAMPICO-NATIONAL_LOWER-runoff-2021",
363,Diputación del Distrito Federal 8 de VERACRUZ DE IGNACIO DE LA LLAVE,-1,2021-04-04,2021-06-02,"MX-VER-ACATLAN,ACTOPAN,ALTO LUCERO DE GUTIERREZ BARRIOS,LA ANTIGUA,APAZAPAN,TLALTETELA,CHICONQUIACO,EMILIANO ZAPATA,XALAPA,JALCOMULCO,JUCHIQUE DE FERRER,LANDERO Y COSS,MIAHUATLAN,NAOLINCO,PUENTE NACIONAL,TENAMPA,TEPETLAN,TLACOTEPEC DE MEJIA,TONAYAN,TOTUTLA,URSULO GALVAN,YECUATLA-NATIONAL_LOWER-runoff-2021",
62,Diputación del Distrito Federal 9 de CHIAPAS,-1,2021-04-04,2021-06-02,MX-CHP-TUXTLA GUTIERREZ-NATIONAL_LOWER-runoff-2021,
31,Diputación del Distrito Federal 9 de CHIHUAHUA,-1,2021-04-04,2021-06-02,"MX-CHH-SATEVO,EL TULE,URIQUE,VALLE DE ZARAGOZA,ALLENDE,BALLEZA,BATOPILAS DE MANUEL GOMEZ MORIN,CARICHI,CORONADO,DR. BELISARIO DOMINGUEZ,GUACHOCHI,GUADALUPE Y CALVO,HIDALGO DEL PARRAL,HUEJOTITAN,LOPEZ,MATAMOROS,MORELOS,NONOAVA,ROSARIO,SAN FRANCISCO DE BORJA,SAN FRANCISCO DEL ORO,SANTA BARBARA-NATIONAL_LOWER-runoff-2021",
103,Diputación del Distrito Federal 9 de CIUDAD DE MÉXICO,-1,2021-04-04,2021-06-02,MX-CMX-TLAHUAC-NATIONAL_LOWER-runoff-2021,
161,Diputación del Distrito Federal 9 de ESTADO DE MÉXICO,-1,2021-04-04,2021-06-02,"MX-MEX-SAN FELIPE DEL PROGRESO,VILLA DE ALLENDE,VILLA VICTORIA,SAN JOSE DEL RINCON,DONATO GUERRA-NATIONAL_LOWER-runoff-2021",
188,Diputación del Distrito Federal 9 de GUANAJUATO,-1,2021-04-04,2021-06-02,"MX-GUA-IRAPUATO,SILAO DE LA VICTORIA-NATIONAL_LOWER-runoff-2021",
172,Diputación del Distrito Federal 9 de GUERRERO,-1,2021-04-04,2021-06-02,MX-GRO-ACAPULCO DE JUAREZ-NATIONAL_LOWER-runoff-2021,
217,Diputación del Distrito Federal 9 de JALISCO,-1,2021-04-04,2021-06-02,MX-JAL-GUADALAJARA-NATIONAL_LOWER-runoff-2021,
231,Diputación del Distrito Federal 9 de MICHOACÁN DE OCAMPO,-1,2021-04-04,2021-06-02,MX-MIC-URUAPAN-NATIONAL_LOWER-runoff-2021,
256,Diputación del Distrito Federal 9 de NUEVO LEÓN,-1,2021-04-04,2021-06-02,"MX-NLE-LOS ALDAMAS,ALLENDE,ARAMBERRI,CERRALVO,CHINA,DR. ARROYO,DR. COSS,DR. GONZALEZ,GALEANA,GRAL. BRAVO,GRAL. TERAN,GRAL. TREVI?O,GRAL. ZARAGOZA,LOS HERRERAS,HUALAHUISES,ITURBIDE,LINARES,MELCHOR OCAMPO,MIER Y NORIEGA,MONTEMORELOS,LOS RAMONES,RAYONES,SANTIAGO-NATIONAL_LOWER-runoff-2021",
267,Diputación del Distrito Federal 9 de OAXACA,-1,2021-04-04,2021-06-02,"MX-OAX-MARTIRES DE TACUBAYA,PINOTEPA DE DON LUIS,LA REFORMA,SAN AGUSTIN CHAYUCO,SAN ANDRES HUAXPALTEPEC,SAN ANTONIO TEPETLAPA,SAN GABRIEL MIXTEPEC,SAN JACINTO TLACOTEPEC,SAN JOSE ESTANCIA GRANDE,SAN JUAN BAUTISTA LO DE SOTO,SAN JUAN CACAHUATEPEC,SAN JUAN COLORADO,SAN JUAN LACHAO,SAN JUAN QUIAHIJE,SAN LORENZO,SAN MIGUEL PANIXTLAHUACA,SAN MIGUEL TLACAMAMA,SAN PEDRO AMUZGOS,SAN PEDRO ATOYAC,SAN PEDRO JICAYAN,SAN PEDRO JUCHATENGO,SAN PEDRO MIXTEPEC,VILLA DE TUTUTEPEC,SAN SEBASTIAN IXCAPA,SANTA CATARINA JUQUILA,SANTA CATARINA MECHOACAN,SANTA CRUZ ZENZONTEPEC,SANTA MARIA CORTIJO,SANTA MARIA HUAZOLOTITLAN,SANTA MARIA IPALAPA,SANTA MARIA TEMAXCALTEPEC,SANTIAGO IXTAYUTLA,SANTIAGO JAMILTEPEC,SANTIAGO LLANO GRANDE,SANTIAGO MINAS,SANTIAGO PINOTEPA NACIONAL,SANTIAGO TAPEXTLA,SANTIAGO TETEPEC,SANTIAGO YAITEPEC,SANTO DOMINGO ARMENTA,SANTOS REYES NOPALA,TATALTEPEC DE VALDES-NATIONAL_LOWER-runoff-2021",
283,Diputación del Distrito Federal 9 de PUEBLA,-1,2021-04-04,2021-06-02,"MX-PUE-PUEBLA,CUAUTLANCINGO-NATIONAL_LOWER-runoff-2021",
343,Diputación del Distrito Federal 9 de TAMAULIPAS,-1,2021-04-04,2021-06-02,MX-TAM-REYNOSA-NATIONAL_LOWER-runoff-2021,
364,Diputación del Distrito Federal 9 de VERACRUZ DE IGNACIO DE LA LLAVE,-1,2021-04-04,2021-06-02,"MX-VER-ACAJETE,AYAHUALULCO,BANDERILLA,COACOATZINTLA,COATEPEC,COSAUTLAN DE CARVAJAL,IXHUACAN DE LOS REYES,JILOTEPEC,PEROTE,RAFAEL LUCIO,LAS VIGAS DE RAMIREZ,TATATILA,TEOCELO,TLACOLULAN,TLALNELHUAYOCAN,XICO-NATIONAL_LOWER-runoff-2021",
7,Gubernatura de BAJA CALIFORNIA,-1,2021-04-04,2021-06-02,MX-BCN-BAJA CALIFORNIA-REGIONAL_EXECUTIVE-runoff-2021,
17,Gubernatura de BAJA CALIFORNIA SUR,-1,2021-04-04,2021-06-02,MX-BCS-BAJA CALIFORNIA SUR-REGIONAL_EXECUTIVE-runoff-2021,
35,Gubernatura de CAMPECHE,-1,2021-03-29,2021-06-02,MX-CAM-CAMPECHE-REGIONAL_EXECUTIVE-runoff-2021,
20,Gubernatura de CHIHUAHUA,-1,2021-04-04,2021-06-02,MX-CHH-CHIHUAHUA-REGIONAL_EXECUTIVE-runoff-2021,
32,Gubernatura de COLIMA,-1,2021-03-05,2021-06-02,MX-COL-COLIMA-REGIONAL_EXECUTIVE-runoff-2021,
162,Gubernatura de GUERRERO,-1,2021-03-05,2021-06-02,MX-GRO-GUERRERO-REGIONAL_EXECUTIVE-runoff-2021,
218,Gubernatura de MICHOACÁN DE OCAMPO,-1,2021-04-04,2021-06-02,MX-MIC-MICHOACÁN DE OCAMPO-REGIONAL_EXECUTIVE-runoff-2021,
238,Gubernatura de NAYARIT,-1,2021-05-04,2021-06-02,MX-NAY-NAYARIT-REGIONAL_EXECUTIVE-runoff-2021,
243,Gubernatura de NUEVO LEÓN,-1,2021-03-05,2021-06-02,MX-NLE-NUEVO LEÓN-REGIONAL_EXECUTIVE-runoff-2021,
284,Gubernatura de QUERÉTARO,-1,2021-04-04,2021-06-02,MX-ROO-QUERÉTARO-REGIONAL_EXECUTIVE-runoff-2021,
305,Gubernatura de SAN LUIS POTOSÍ,-1,2021-03-05,2021-06-02,MX-SLP-SAN LUIS POTOSÍ-REGIONAL_EXECUTIVE-runoff-2021,
296,Gubernatura de SINALOA,-1,2021-04-04,2021-06-02,MX-SIN-SINALOA-REGIONAL_EXECUTIVE-runoff-2021,
314,Gubernatura de SONORA,-1,2021-03-05,2021-06-02,MX-SON-SONORA-REGIONAL_EXECUTIVE-runoff-2021,
330,Gubernatura de TLAXCALA,-1,2021-04-04,2021-06-02,MX-TLA-TLAXCALA-REGIONAL_EXECUTIVE-runoff-2021,
371,Gubernatura de ZACATECAS,-1,2021-04-04,2021-06-02,MX-ZAC-ZACATECAS-REGIONAL_EXECUTIVE-runoff-2021,
163,Presidencia del municipio de ACAPULCO DE JUÁREZ,-1,2021-04-24,2021-06-02,MX-GRO-ACAPULCO DE JUÁREZ-LOCAL_EXECUTIVE-runoff-2021,
3,Presidencia del municipio de AGUASCALIENTES,-1,2021-04-19,2021-06-02,MX-AGU-AGUASCALIENTES-LOCAL_EXECUTIVE-runoff-2021,
64,Presidencia del municipio de ÁLVARO OBREGÓN,-1,2021-04-04,2021-06-02,MX-CMX-ÁLVARO OBREGÓN-LOCAL_EXECUTIVE-runoff-2021,
113,Presidencia del municipio de ATIZAPÁN DE ZARAGOZA,-1,2021-04-30,2021-06-02,MX-MEX-ATIZAPÁN DE ZARAGOZA-LOCAL_EXECUTIVE-runoff-2021,
73,Presidencia del municipio de AZCAPOTZALCO,-1,2021-04-04,2021-06-02,MX-CMX-AZCAPOTZALCO-LOCAL_EXECUTIVE-runoff-2021,
68,Presidencia del municipio de BENITO JUÁREZ,-1,2021-04-04,2021-06-02,MX-CMX-BENITO JUÁREZ-LOCAL_EXECUTIVE-runoff-2021,
21,Presidencia del municipio de CHIHUAHUA,-1,2021-04-29,2021-06-02,MX-CHH-CHIHUAHUA-LOCAL_EXECUTIVE-runoff-2021,
115,Presidencia del municipio de CHIMALHUACÁN,-1,2021-04-30,2021-06-02,MX-MEX-CHIMALHUACÁN-LOCAL_EXECUTIVE-runoff-2021,
74,Presidencia del municipio de COYOACÁN,-1,2021-04-04,2021-06-02,MX-CMX-COYOACÁN-LOCAL_EXECUTIVE-runoff-2021,
75,Presidencia del municipio de CUAJIMALPA DE MORELOS,-1,2021-04-04,2021-06-02,MX-CMX-CUAJIMALPA DE MORELOS-LOCAL_EXECUTIVE-runoff-2021,
69,Presidencia del municipio de CUAUHTÉMOC,-1,2021-04-04,2021-06-02,MX-CMX-CUAUHTÉMOC-LOCAL_EXECUTIVE-runoff-2021,
114,Presidencia del municipio de CUAUTITLÁN IZCALLI,-1,2021-04-30,2021-06-02,MX-MEX-CUAUTITLÁN IZCALLI-LOCAL_EXECUTIVE-runoff-2021,
297,Presidencia del municipio de CULIACÁN,-1,2021-04-04,2021-06-02,MX-SIN-CULIACÁN-LOCAL_EXECUTIVE-runoff-2021,
116,Presidencia del municipio de ECATEPEC DE MORELOS,-1,2021-04-30,2021-06-02,MX-MEX-ECATEPEC DE MORELOS-LOCAL_EXECUTIVE-runoff-2021,
76,Presidencia del municipio de GUSTAVO A. MADERO,-1,2021-04-04,2021-06-02,MX-CMX-GUSTAVO A. MADERO-LOCAL_EXECUTIVE-runoff-2021,
315,Presidencia del municipio de HERMOSILLO,-1,2021-04-24,2021-06-02,MX-SON-HERMOSILLO-LOCAL_EXECUTIVE-runoff-2021,
117,Presidencia del municipio de IXTAPALUCA,-1,2021-04-30,2021-06-02,MX-MEX-IXTAPALUCA-LOCAL_EXECUTIVE-runoff-2021,
77,Presidencia del municipio de IZTACALCO,-1,2021-04-04,2021-06-02,MX-CMX-IZTACALCO-LOCAL_EXECUTIVE-runoff-2021,
78,Presidencia del municipio de IZTAPALAPA,-1,2021-04-04,2021-06-02,MX-CMX-IZTAPALAPA-LOCAL_EXECUTIVE-runoff-2021,
22,Presidencia del municipio de JUÁREZ,-1,2021-04-29,2021-06-02,MX-CHH-JUÁREZ-LOCAL_EXECUTIVE-runoff-2021,
79,Presidencia del municipio de LA MAGDALENA CONTRERAS,-1,2021-04-04,2021-06-02,MX-CMX-LA MAGDALENA CONTRERAS-LOCAL_EXECUTIVE-runoff-2021,
70,Presidencia del municipio de MIGUEL HIDALGO,-1,2021-04-04,2021-06-02,MX-CMX-MIGUEL HIDALGO-LOCAL_EXECUTIVE-runoff-2021,
71,Presidencia del municipio de MILPA ALTA,-1,2021-04-04,2021-06-02,MX-CMX-MILPA ALTA-LOCAL_EXECUTIVE-runoff-2021,
244,Presidencia del municipio de MONTERREY,-1,2021-05-03,2021-06-02,MX-NLE-MONTERREY-LOCAL_EXECUTIVE-runoff-2021,
219,Presidencia del municipio de MORELIA,-1,2021-04-19,2021-06-02,MX-MIC-MORELIA-LOCAL_EXECUTIVE-runoff-2021,
118,Presidencia del municipio de NAUCALPAN,-1,2021-04-30,2021-06-02,MX-MEX-NAUCALPAN-LOCAL_EXECUTIVE-runoff-2021,
119,Presidencia del municipio de NEZAHUALCÓYOTL,-1,2021-04-30,2021-06-02,MX-MEX-NEZAHUALCÓYOTL-LOCAL_EXECUTIVE-runoff-2021,
290,Presidencia del municipio de QUERÉTARO,-1,2021-04-19,2021-06-02,MX-QUE-QUERÉTARO-LOCAL_EXECUTIVE-runoff-2021,
39,Presidencia del municipio de SALTILLO,-1,2021-04-04,2021-06-02,MX-COA-SALTILLO-LOCAL_EXECUTIVE-runoff-2021,
306,Presidencia del municipio de SAN LUIS POTOSÍ,-1,2021-04-04,2021-06-02,MX-SLP-SAN LUIS POTOSÍ-LOCAL_EXECUTIVE-runoff-2021,
120,Presidencia del municipio de TECÁMAC,-1,2021-04-30,2021-06-02,MX-MEX-TECÁMAC-LOCAL_EXECUTIVE-runoff-2021,
239,Presidencia del municipio de TEPIC,-1,2021-05-04,2021-06-02,MX-NAY-TEPIC-LOCAL_EXECUTIVE-runoff-2021,
8,Presidencia del municipio de TIJUANA,-1,2021-04-19,2021-06-02,MX-BCN-TIJUANA-LOCAL_EXECUTIVE-runoff-2021,
65,Presidencia del municipio de TLÁHUAC,-1,2021-04-04,2021-06-02,MX-CMX-TLÁHUAC-LOCAL_EXECUTIVE-runoff-2021,
110,Presidencia del municipio de TLALNEPANTLA DE BAZ,-1,2021-04-30,2021-06-02,MX-MEX-TLALNEPANTLA DE BAZ-LOCAL_EXECUTIVE-runoff-2021,
66,Presidencia del municipio de TLALPAN,-1,2021-04-04,2021-06-02,MX-CMX-TLALPAN-LOCAL_EXECUTIVE-runoff-2021,
111,Presidencia del municipio de TOLUCA,-1,2021-04-30,2021-06-02,MX-MEX-TOLUCA-LOCAL_EXECUTIVE-runoff-2021,
40,Presidencia del municipio de TORREÓN,-1,2021-04-24,2021-06-02,MX-COA-TORREÓN-LOCAL_EXECUTIVE-runoff-2021,
112,Presidencia del municipio de TULTITLÁN,-1,2021-04-30,2021-06-02,MX-MEX-TULTITLÁN-LOCAL_EXECUTIVE-runoff-2021,
49,Presidencia del municipio de TUXTLA GUTIÉRREZ,-1,2021-04-24,2021-06-02,MX-CHP-TUXTLA GUTIÉRREZ-LOCAL_EXECUTIVE-runoff-2021,
72,Presidencia del municipio de VENUSTIANO CARRANZA,-1,2021-04-04,2021-06-02,MX-CMX-VENUSTIANO CARRANZA-LOCAL_EXECUTIVE-runoff-2021,
67,Presidencia del municipio de XOCHIMILCO,-1,2021-04-04,2021-06-02,MX-CMX-XOCHIMILCO-LOCAL_EXECUTIVE-runoff-2021,
