other_name_id,other_name_type,name,person_id
1,3,Cynthia Liliana Hotton,1,
2,3,Gaston Oscar Bruno,2,
3,3,Maria Eugenia Santiago,3,
4,3,Daniel David Di Paolo,4,
5,3,Silvia Ada Gonzalez,5,
6,3,Jorge Martin Vivanco,6,
7,3,Maria E Roldan,7,
8,3,Ariel Fernando Squeff,8,
9,3,Maria Luisa D'angelo Rodriguez,9,
10,3,Arturo Jaime Hotton Risler,10,
11,3,Carolina Elizabeth Kennedy,11,
12,3,Marcelo Fernando Resico,12,
13,3,Evangelina Norma Ibarbalz,13,
14,3,Luis José Liendro,14,
15,3,Dana Debora Carolina Casellas,15,
16,3,Aldo Norberto Castagna,16,
17,3,Vanesa Soledad Urueña,17,
18,3,Ricardo Fabian Bianchini,18,
19,3,Veronica Isabel Rea,19,
20,3,Oscar Bruno,20,
21,3,Fernanda Silvina Dominguez,21,
22,3,Ricardo Daniel Romero,22,
23,3,Melisa Capano,23,
24,3,Raul Abelardo Faure,24,
25,3,Elda Susana Pesoa,25,
26,3,Lucas Adrian Cassino,26,
27,3,Maria Pia Trebino,27,
28,3,Luis Omar Pussetto,28,
29,3,Maria Soledad Escalada,29,
30,3,Ruben Angel Aranda Fernandez,30,
31,3,Katerina Fabiola Parra Andia,31,
32,3,Edgardo Andres Madaria,32,
33,3,Silvina Ines Bergara,33,
34,3,Rene Fernando Tolosa,34,
35,3,Carla Elizabeth Nicolini,35,
36,3,José Luis Espert,36,
37,3,Carolina Rosana Piparo,37,
38,3,Hugo Eduardo Bontempo,38,
39,3,Karina Gabriela Garcia,39,
40,3,Luis Enrique Green,40,
41,3,Beatriz Eugenia Bulacios,41,
42,3,Osvaldo Alberto Simiele,42,
43,3,Natalia Melani Motyl,43,
44,3,Adolfo Miguel Laborde,44,
45,3,Daniela Virginia Delgado Luna,45,
46,3,Victorio Alejandro Ferraina,46,
47,3,Maria Soledad Bensusan,47,
48,3,Diego Alejandro Ulieldin,48,
49,3,Norma Silvia Mazzamuto,49,
50,3,Leandro Ceferino Hanon,50,
51,3,Luisa Bunge,51,
52,3,Adolfo Carlos Santos Güiraldes,52,
53,3,Vanesa Judith Bassani,53,
54,3,Alejandro Fabian Luchini,54,
55,3,Griselda Adriana Bin,55,
56,3,Luis Fernando Gallardo,56,
57,3,Maria Teresa Gonard,57,
58,3,Walter Mario Dotti,58,
59,3,Mariela Edith Sosa,59,
60,3,Ricardo Enrique Lopez Anadon,60,
61,3,Maria Belen Agudiez,61,
62,3,Fernando Antonio Gonzalez Prieto,62,
63,3,Rocio Carolina Solange Di Risio,63,
64,3,Diego Avancini,64,
65,3,Laura Veronica Novillo,65,
66,3,Diego Maximiliano Radibaniuk,66,
67,3,Juana Ines Sere,67,
68,3,Jose Manuel Jaugust,68,
69,3,Nancy Noelia Castellano,69,
70,3,Silvano Alejandro Gutierrez,70,
71,3,Florencio Randazzo,71,
72,3,Carolina Castro,72,
73,3,Pulti Gustavo Arnaldo,73,
74,3,Iglesias Maria Valeria,74,
75,3,Verdini Ruben Adrian,75,
76,3,Rizzolo Julieta,76,
77,3,Cincunegui Juan De Dios,77,
78,3,Lopez Mariana,78,
79,3,Legnani Grotto Carlos Alberto,79,
80,3,Crespo Bjerg Maite,80,
81,3,Avalos Sergio Daniel,81,
82,3,Rodriguez Claudia Alejandra,82,
83,3,Blanco Rodrigo,83,
84,3,Capetillo Maria Teresa,84,
85,3,Marcelo Herminio Fernandez,85,
86,3,Lobianco Maria Lorena,86,
87,3,Christian Alberto Bonillo,87,
88,3,Martinez Camila Haydee,88,
89,3,Giorno Maximo Lucio,89,
90,3,Mainero Maria Grazia,90,
91,3,Fernandez Emiliano,91,
92,3,Huergo Cintia Sabrina,92,
93,3,Marrocco Marcelo Salvador,93,
94,3,Razzari Maria Teresa,94,
95,3,Falco Santiago Pedro,95,
96,3,Mendibil Mariana,96,
97,3,Perez Pablo Damian,97,
98,3,Garcia Araceli,98,
99,3,Poloni Esteban Ezequiel,99,
100,3,Mansa Camila Magali,100,
101,3,Vaio Adalberto Oscar,101,
102,3,Constant Maia,102,
103,3,Marco Juan Carlos,103,
104,3,Fernandez Estela Claudia,104,
105,3,Nunes Oscar Alejandro,105,
106,3,Diego Cesar Santilli,106,
107,3,Maria Graciela Ocaña,107,
108,3,Facundo Manes,108,
109,3,Maria Marcela Campagnoli,109,
110,3,Juan Manuel Lopez,110,
111,3,Danya Tavela,111,
112,3,Gerardo Fabian Milman,112,
113,3,Maria Angel Sotolano,113,
114,3,Emilio Monzó,114,
115,3,Gabriela Gisel Besana,115,
116,3,Hernan Santiago Lombardi,116,
117,3,Margarita Stolbizer,117,
118,3,Alejandro Oscar Finocchiaro,118,
119,3,Maria Victoria Borrego,119,
120,3,Fabio Jose Quetglas,120,
121,3,Maria Florencia De Sensi,121,
122,3,Javier Sanchez Wrba,122,
123,3,Elsa Esther Llenderrozas,123,
124,3,Nelson Adrian Marino,124,
125,3,Patricia Maria Vasquez,125,
126,3,Jesus Cataldo Cariglino,126,
127,3,Maria Sofia De Hagen,127,
128,3,Walter Alejandro Di Giuseppe,128,
129,3,Josefina Mendoza,129,
130,3,Lucas Ariel Yacob,130,
131,3,Maria Margarita Djedjeian,131,
132,3,Pablo Adrian Juliano,132,
133,3,Mercedes Sanguineti,133,
134,3,Guillermo Manuel Sanchez Sterli,134,
135,3,Maria Jose Navajas,135,
136,3,Horacio Modesto Venier,136,
137,3,Rosalia De Los Angeles Fucello,137,
138,3,Mariano Luis Mugnolo,138,
139,3,Roxana Scort,139,
140,3,Emiliano Fernandez,140,
141,3,Nicolas Del Caño,141,
142,3,Romina Del Pla,142,
143,3,Néstor Pitrola,143,
144,3,Monica Leticia Schlotthauer,144,
145,3,Juan Carlos Giordano,145,
146,3,Vilma Ripoll,146,
147,3,Alejandro Bodart,147,
148,3,Nathalia González Seligra,148,
149,3,Jorge Medina,149,
150,3,Gabriela De La Rosa,150,
151,3,Daniel Fernando Luna,151,
152,3,Paola Soledad Rodriguez Mariani,152,
153,3,Diego Gaston Martinez,153,
154,3,Natalia Aguilera,154,
155,3,Marcelo Daniel Gonzalez,155,
156,3,Maria Cristina Beitia Rocha,156,
157,3,Nicolás "rulo" Mileo,157,
158,3,Nora Biaggio,158,
159,3,Edgardo Ernesto Reynoso,159,
160,3,Paula Anahi Alfaro,160,
161,3,Juan Carlos Beica,161,
162,3,Laura Bogado,162,
163,3,Jose Sava,163,
164,3,Pia Garralda,164,
165,3,Federico Casas,165,
166,3,Nancy Valeria Farias,166,
167,3,Sergio Almiron,167,
168,3,Norma Lezana,168,
169,3,Tomas Ernesto Feijoo,169,
170,3,Maria Ines Garcia,170,
171,3,Daniel Ernesto Sierra,171,
172,3,Maria Ines Demateis,172,
173,3,Hector Fabian Avendaño,173,
174,3,Mónica Aguirre,174,
175,3,Samuel Alfredo Mendez,175,
176,3,Victoria Tolosa Paz,176,
177,3,Daniel Gustavo Gollan,177,
178,3,Marcela Fabiana Passo,178,
179,3,Sergio Omar Palazzo,179,
180,3,Agustina Lucrecia Propato,180,
181,3,Leopoldo Raul Guido Moreau,181,
182,3,Vanesa Raquel Siley,182,
183,3,Hugo Ruben Yasky,183,
184,3,Constanza Maria Alonso,184,
185,3,Julio Cesar Pereyra,185,
186,3,Monica Edith Litza,186,
187,3,Daniel Fernando Arroyo,187,
188,3,Brenda Magali Vargas Matyi,188,
189,3,Rogelio Iparraguirre,189,
190,3,Monica Fernanda Macha,190,
191,3,Daniel Alejandro Menendez,191,
192,3,Micaela Moran,192,
193,3,Jorge Walter Correa,193,
194,3,Claudia Alicia Bernazza,194,
195,3,Jorge Alberto D'onofrio,195,
196,3,Daniela Emma Castro,196,
197,3,Marcelo Christian Vespertino Koenig,197,
198,3,Mariana Agustina Gras Buscetto,198,
199,3,Mariano Pinedo,199,
200,3,Fabiana Beatriz Bertino,200,
201,3,Angel Domingo Garcia,201,
202,3,Natalia Soledad Peluso,202,
203,3,Marcelo Ruben Lopez,203,
204,3,Araceli Viviana Bellotta,204,
205,3,Adrian Maximiliano Carril,205,
206,3,Julieta Ferrari,206,
207,3,Jorge Luis Laviuzza,207,
208,3,Maria Guillermina Eyras,208,
209,3,Cristian Javier Forlenza,209,
210,3,Florencia Actis Perinetto,210,
211,3,Jose Luis Centeno,211,
212,3,Ana Beatriz Monllau,212,
213,3,Mario Martin Pacifico Soler,213,
214,3,Bernardo Ruben Yazbek,214,
215,3,Maria Silvana Pereyra,215,
216,3,Julio Cesar Sanchez,216,
217,3,Maria Estela Moreno,217,
218,3,Daniel Humberto Blanes,218,
219,3,Olga Leonor Chazarreta,219,
220,3,Silvana Micaela Ginocchio,220,
221,3,Dante Edgardo Lopez Rodriguez,221,
222,3,Maria Fernanda Avila,222,
223,3,Francisco Manuel Monti,223,
224,3,Patricia Irma Breppe,224,
225,3,Pablo Ruben Sanchez,225,
226,3,Juan Carlos Polini,226,
227,3,Marilu Quiroz,227,
228,3,Julio Picon,228,
229,3,Aida Ayala,229,
230,3,Juan Manuel Pedrini,230,
231,3,Maria Luisa Chomiak,231,
232,3,Fabricio Nelson Bolatti,232,
233,3,María Silvana Cabrera,233,
234,3,Carlos Omar Martinez Fidani,234,
235,3,Natalia Antonia Romero,235,
236,3,Ramon Cuenca,236,
237,3,Sonia Andrea Cardozo,237,
238,3,Claudio Ignacio Cobas,238,
239,3,Susana Sanchez,239,
240,3,Eric Jonathan Ponce,240,
241,3,Mara Candela Montenegro,241,
242,3,Juan Carlos Bacileff Ivanoff,242,
243,3,Mary Gladys Nuñez,243,
244,3,Juan Carlos Sandoval,244,
245,3,Laura Josefina Pilaga,245,
246,3,Fabian Alejandro Puratich,246,
247,3,Vanesa Abril,247,
248,3,Maria Eugenia Alianiello,248,
249,3,Rafael De Bernardi,249,
250,3,Daniela Gordiola,250,
251,3,Cesar Antillanca,251,
252,3,Ana Clara Romero,252,
253,3,Alberto Gustavo Menna,253,
254,3,Maira Raquel Frias,254,
255,3,Antonio Marcelo Rubia,255,
256,3,Javier Gerardo Milei,256,
257,3,Victoria Eugenia Villarruel,257,
258,3,Nicolas Mario Emma,258,
259,3,Maria Fernanda Araujo,259,
260,3,Carlos Gustavo Durini,260,
261,3,Alicia Chediack,261,
262,3,Guillermo Heriberto Mac Louglin,262,
263,3,Clara Ines Malbran,263,
264,3,Santiago Javier Santurio Rodriguez,264,
265,3,Alejandra Nieves Evaristo,265,
266,3,Gaston Lucas Alberdi Peña Vera,266,
267,3,Rosana Maria Loto,267,
268,3,Diego Orlando Spagnuolo,268,
269,3,Luis Fernando Zamora,269,
270,3,Virginia Florencia Peyras Villarino,270,
271,3,Fernando Pablo Vilardo,271,
272,3,Alejandra Gabriela Fava Castro,272,
273,3,Sergio Adrian Sallustio,273,
274,3,Maria Jose Dalia,274,
275,3,Facundo Alberto Sandro Macchi,275,
276,3,Diana Andrea Ludueña,276,
277,3,Gustavo Javier Pedulla,277,
278,3,Maria Victoria Amerio,278,
279,3,Hugo Marcial Benitez Escurra,279,
280,3,Mariela Judith Milstein,280,
281,3,Federico Carlevaro,281,
282,3,Myriam Teresa Bregman,282,
283,3,Fernando Sebastián Ramal,283,
284,3,Vanina Natalia Biasi,284,
285,3,Jorge Daniel Adaro,285,
286,3,Maria De Las Mercedes De Mendieta,286,
287,3,Patricio Del Corro,287,
288,3,Maria Celeste Fierro,288,
289,3,Facundo Ariel Miño,289,
290,3,Andrea Iris D'atri,290,
291,3,Jose Ernesto Castillo,291,
292,3,Ileana Amanda Elena Lidia Celotto,292,
293,3,Pablo Martin Anino,293,
294,3,Laura Enda Marrone,294,
295,3,Leandro Jorge Santoro,295,
296,3,Maria Gisela Marziotta,296,
297,3,Carlos Salomon Heller,297,
298,3,Lorena Iris Pokoik Garcia,298,
299,3,Matias Raul Tombolini,299,
300,3,Maria Cecilia Barros,300,
301,3,Claudio Raul Lozano,301,
302,3,Jacqueline Andrea Flores,302,
303,3,Roberto Claudio Pianelli,303,
304,3,Maria De La Cruz Rachid,304,
305,3,Victor Jose Colombano,305,
306,3,Magali Sol Fernandez,306,
307,3,Marcelo Hector Orlando,307,
308,3,Maria Eugenia Vidal,308,
309,3,Martin Alberto Tetaz,309,
310,3,Paula Mariana Oliveto Lago,310,
311,3,Ricardo Hipolito Lopez Murphy,311,
312,3,Ana Carla Carrizo,312,
313,3,Fernando Adolfo Iglesias,313,
314,3,Sabrina Carlota Ajmechet,314,
315,3,Fernando Sanchez,315,
316,3,Sandra Irene Pitta Alvarez,316,
317,3,Pablo Hector Walter,317,
318,3,Sandra Claudia Ruiz,318,
319,3,Gustavo Daniel Lazzari,319,
320,3,Florencia Teuly,320,
321,3,Aurelio Francisco Garcia Elorrio,321,
322,3,Memé Moscoso,322,
323,3,Gerardo Jose Grosso,323,
324,3,Paula Ponte,324,
325,3,Ricardo Ivan Condori,325,
326,3,Candela Orellana Ahumada,326,
327,3,Agustin Nicolas Anglada Allende,327,
328,3,Claudia Marcela Arguello,328,
329,3,Esteban Vicente Ancarani,329,
330,3,Liliana Olivero,330,
331,3,Santiago Benitez Vieyra,331,
332,3,Luciana Gabriela Echevarria,332,
333,3,Jorge Luis Navarro,333,
334,3,Noel Argañaraz,334,
335,3,Gaston Vacchiani,335,
336,3,Soledad Cristina Diaz Garcia,336,
337,3,Federico Wagner,337,
338,3,Noelia Aguero,338,
339,3,Martin Rodrigo Gill,339,
340,3,Olga Elena Riutort Lopez,340,
341,3,Jose Pablo Carro,341,
342,3,Ilda Bustos,342,
343,3,Natalio Osvaldo Graglia,343,
344,3,Francisca Mattoni,344,
345,3,Gaston Emanuel Mazzalay,345,
346,3,Graciela Susana Brarda,346,
347,3,Noel Gastón Tomatis,347,
348,3,Natalia De La Sota,348,
349,3,Ignacio José Garcia Aresca,349,
350,3,Claudia Gabriela Marquez,350,
351,3,Sergio Sebastian Busso,351,
352,3,Claudia Roxana Martinez,352,
353,3,Gustavo Horacio Brandan,353,
354,3,Cristina Elizabeth Vidal,354,
355,3,Fabio Hernan Guaschino,355,
356,3,Rosalia Beatriz Caceres,356,
357,3,Rodrigo De Loredo,357,
358,3,Soledad Carrizo,358,
359,3,Hector "la Coneja" Baldassi,359,
360,3,Laura Rodriguez Machado,360,
361,3,Gustavo Santos,361,
362,3,Gabriela Brouwer De Koning,362,
363,3,Oscar Agost Carreño,363,
364,3,Mariana Ispizua,364,
365,3,Jose Bria,365,
366,3,Ruben Daniel Petetta,366,
367,3,Maria Cristina Lagger,367,
368,3,Juan Martin Juarez Villanueva,368,
369,3,Daniela Del Valle Louet,369,
370,3,Fernando David Funes Pireddu,370,
371,3,Noemi Angelica Amarillo,371,
372,3,Franco Matias Pierluca,372,
373,3,Liliana Mabel Barrera,373,
374,3,Jesus Damian Rustici,374,
375,3,Jorge Rafael Scala,375,
376,3,Daniela Welner,376,
377,3,Abelardo Losano,377,
378,3,Maria Laura Cesano,378,
379,3,Sergio Ruben Diaz,379,
380,3,Maria Victoria Brollo,380,
381,3,German Pablo Cassinerio,381,
382,3,Maria Eugenia Skliarow,382,
383,3,Mario Enrique Juan Lamberghini,383,
384,3,Jorge Antonio Romero,384,
385,3,Ana Maria Marlene Gauna,385,
386,3,Jose Carlos Sananez,386,
387,3,Silvana Rocio Lagraña,387,
388,3,Juan Pantaleon Eugenio Almada,388,
389,3,Alejandra Natividad Perez,389,
390,3,Anibal Daniel Godoy,390,
391,3,Leticia Maria Caminos,391,
392,3,José Fernando Novello,392,
393,3,Manuel "colo" Aguirre,393,
394,3,Sofia Brambilla,394,
395,3,Carlos "carlitos" Gatti,395,
396,3,Enrique Tomas Cresto,396,
397,3,Ana Carolina Gaillard,397,
398,3,Tomas Ledesma,398,
399,3,Brenda Jacqueline Ulman Heffling,399,
400,3,Lucas Larrarte,400,
401,3,Rogelio Frigerio,401,
402,3,Marcela Antola,402,
403,3,Pedro Galimberti,403,
404,3,Nancy Mariana Ballejos,404,
405,3,Atilio Francisco Salvador Benedetti,405,
406,3,Federico Demarchi,406,
407,3,Micaela Jorgelina Dalurzo,407,
408,3,Juan Enrique Fazio,408,
409,3,Marta Isabel Nuñez,409,
410,3,Jose Ramon Arredondo,410,
411,3,Nadia Gisel Burgos,411,
412,3,Jose Raul Lemes,412,
413,3,Sofia Caceres Sforza,413,
414,3,Pablo Damian Amarillo,414,
415,3,Marianela Valdez,415,
416,3,Miriam Beatriz Muller,416,
417,3,Sebastian Anibal Iglesias,417,
418,3,Gladys Liliana Salinas,418,
419,3,Ricardo Rafael Mathe,419,
420,3,Mariela Del Lujan David,420,
421,3,Lucia "luchi" Varisco,421,
422,3,Daniel Anibal Pross,422,
423,3,Alejandra Esnaola,423,
424,3,Alexis Roman Altuna,424,
425,3,Julia Esther Calleros Arrecous,425,
426,3,Juan Manuel Rossi,426,
427,3,Graciela Beatriz Brafa,427,
428,3,Dario Adolfo Baez,428,
429,3,Natalia Ivon Hernandez,429,
430,3,Franco Barsotti,430,
431,3,Gustavo Ramiro Fernandez Patri,431,
432,3,Elena Maria Garcia,432,
433,3,Fernando Carbajal,433,
434,3,Elida Emilia Maciel,434,
435,3,Victor Daniel Gonzalez,435,
436,3,Marta Almada,436,
437,3,Gustavo Bacha Bouhid,437,
438,3,Natalia Silvina Sarapura,438,
439,3,Gaspar Alberto Santillan,439,
440,3,Alejandro Ariel Vilca,440,
441,3,Natalia Andrea Morales,441,
442,3,Gaston Alejandro Remy,442,
443,3,Leila Susana Chaher,443,
444,3,Rodolfo Alejandro Tecchi,444,
445,3,Mirna Graciela Abregú,445,
446,3,Luciano Gonzalez Cabiati,446,
447,3,Julia Baleani,447,
448,3,Lucas Mateos Montigel,448,
449,3,Varinia Lichi Marin,449,
450,3,Ariel Rauschenberger,450,
451,3,Vanesa Acedo,451,
452,3,Martin Maquieyra,452,
453,3,Marcela Coli,453,
454,3,Matias Francisco Traba,454,
455,3,Ayelen Pilcic,455,
456,3,Cristian Santiago Bustamante,456,
457,3,Marina Alicia Graziano,457,
458,3,Marina Jacoba Vanini,458,
459,3,Ariel Alberto Toselli,459,
460,3,Norma Noemi Neimann,460,
461,3,Majo Gonzalez,461,
462,3,Martin Abelardo Angel,462,
463,3,Gabriela Pedrali,463,
464,3,Jorge Ricardo Herrera,464,
465,3,Cristian Oscar Corzo,465,
466,3,Susana Del Carmen Rizzo,466,
467,3,Cristian Avilar,467,
468,3,Maria Eugenia Perez,468,
469,3,Juan Amado,469,
470,3,Luciana De Leon,470,
471,3,Julio Cobos,471,
472,3,Pamela Verasay,472,
473,3,Alvaro Martinez,473,
474,3,Cynthia Maggioni,474,
475,3,Federico Zamarbide,475,
476,3,Flavia Maria Manoni,476,
477,3,Vicente Javier Espeche,477,
478,3,Claudia Genoveva Raimo Sierralta,478,
479,3,Facundo Pedro Marquesini,479,
480,3,Viviana Lourdes Baldo,480,
481,3,Noelia Barbeito,481,
482,3,Victor Da Vila,482,
483,3,Julieta Uceda,483,
484,3,Paúl Lecea,484,
485,3,Paula Faierman,485,
486,3,Adolfo Bermejo,486,
487,3,Lili Paponet,487,
488,3,Roberto Righi,488,
489,3,Alicia Barrionuevo,489,
490,3,Gonzalo Navarro Sanz,490,
491,3,Carlos Iannizzotto,491,
492,3,Laura Farfán,492,
493,3,Sergio Martini,493,
494,3,Patricia Martinez,494,
495,3,Jaime Comadran,495,
496,3,Mario Nicolas Vadillo,496,
497,3,Berta Susana Matas Pijuan,497,
498,3,Marcelo Javier Talquenca Montaña,498,
499,3,Graciela Mercedes Ibañez,499,
500,3,Diego Martin Flores,500,
501,3,Gustavo Eduardo Gutierrez,501,
502,3,Cecilia Torrez,502,
503,3,Gaston Federico Pescarmona,503,
504,3,Maria Eugenia Manriquez Gelardi,504,
505,3,Edgardo Angel Budini,505,
506,3,Eduardo D. Cantero,506,
507,3,L. Virginia Villanueva,507,
508,3,Anibal "tato" Zeretzki,508,
509,3,Pablo Isaac Lenguaza,509,
510,3,Graciela B. De Melo,510,
511,3,Javier Gortari,511,
512,3,Martin A. Arjol,512,
513,3,Florencia Klipauka Lewtak,513,
514,3,Cristian E. Klingbeil,514,
515,3,Carlos Alberto Fernandez,515,
516,3,Claudia Noemi Gauto,516,
517,3,Fernando Anibal Meza,517,
518,3,Ninfa Zunilda Alvarenga,518,
519,3,Mauricio Rolando Czerevin,519,
520,3,Antonia Mandagaran,520,
521,3,Pablo Cervi,521,
522,3,Ayelen Quiroga,522,
523,3,Nico Montero,523,
524,3,Carlos Eguia,524,
525,3,Cata Uleri,525,
526,3,Daniel Castillo,526,
527,3,Raul Godoy,527,
528,3,Patricia Jure,528,
529,3,Gaston Rivero,529,
530,3,Tanya Bertoldi,530,
531,3,Beto Vivero,531,
532,3,Asuncion Miras Trabalon,532,
533,3,Jesus Escobar,533,
534,3,Valeria Amstein,534,
535,3,Walter Erdozain Gomez,535,
536,3,Rolo Figueroa,536,
537,3,Luciana Ortiz Luna,537,
538,3,Osvaldo Llancafilo,538,
539,3,Sandrita Ferrero,539,
540,3,Luis Virgilio Sanchez,540,
541,3,Rosa Eliana Cofre,541,
542,3,Norma Dardik,542,
543,3,Jorge Paulic,543,
544,3,Ana Ines Marks,544,
545,3,Jose Luis Berros,545,
546,3,Anibal Tortoriello,546,
547,3,Adriana Fenouil,547,
548,3,Agustin Domingo,548,
549,3,Maria De Las Mercedes Ibero,549,
550,3,Elena Beatriz Correa,550,
551,3,Aquiles Añazco Nieto,551,
552,3,Paolo Adrian Etchepareborda,552,
553,3,Andrea Alejandra Mancardo,553,
554,3,Tane Da Souza,554,
555,3,Maria Laura "cotty" Thomas,555,
556,3,Guido Giacosa,556,
557,3,Andrea Villegas,557,
558,3,Mario Silva,558,
559,3,Cristina Ines Foffani,559,
560,3,Emiliano Estrada,560,
561,3,Pamela Calletti,561,
562,3,Jorge Antonio Guaymas,562,
563,3,Felipe Guillermo Biella Calvet,563,
564,3,Elsa Del Valle Pereyra Maidana,564,
565,3,Luis Roberto Sarmiento,565,
566,3,Carlos Raúl Zapata,566,
567,3,Ines Liendo,567,
568,3,Alejandro Alberto Sentana,568,
569,3,Julio Oscar Quintana,569,
570,3,Gloria Daniela Romano Ortiz,570,
571,3,Miguel Angel Garcia,571,
572,3,Guillermo Mario Durand Cornejo,572,
573,3,Silvia Natalia Loria,573,
574,3,Baltasar Lara Gros,574,
575,3,Marcelo Alberto Arancibia,575,
576,3,Susana Norma Ocampo,576,
577,3,Facundo Martin Guzman Roldan,577,
578,3,Cristian Jurado,578,
579,3,Mary Garrido,579,
580,3,Nicolas Mendez,580,
581,3,Walberto Enrique Allende,581,
582,3,Ana Fabiola Aubone,582,
583,3,Luis Hernan Rueda,583,
584,3,Susana Alicia Laciar,584,
585,3,Enzo Ariel Cornejo,585,
586,3,Alejandra Natalia Leonardo,586,
587,3,Johana Gómez,587,
588,3,Juan Zárate,588,
589,3,Ornella Dezzutto,589,
590,3,Maria Jose Zangla Urteaga,590,
591,3,Eduardo Gaston Ramon Mones Ruiz,591,
592,3,Maria Natalia Zabala Chacur,592,
593,3,Claudio Javier Poggi,593,
594,3,Karina Bachey,594,
595,3,Nestor Alberto Ordoñez,595,
596,3,Alfonso Hernan Verges,596,
597,3,Berta Hortensia Arenas,597,
598,3,Jose Cristian Gil,598,
599,3,Jose Luis Riccardo,599,
600,3,Julia Moyano,600,
601,3,Carlos Edgardo Andreotti Rodriguez,601,
602,3,Roxana Reyes,602,
603,3,Leo Roquel,603,
604,3,Gaby Mestelán,604,
605,3,Nicolas Ignacio Gutierrez,605,
606,3,Yesica Paola Aguilar,606,
607,3,Miguel Angel Del Pla,607,
608,3,Gustavo Carlos Miguel Gonzalez,608,
609,3,Moira Agostina Lanesan Sancho,609,
610,3,Carlos Alfredo Aparicio,610,
611,3,Jorge Jesus Mariano,611,
612,3,Graciela Ermelinda Linares,612,
613,3,Gustavo Daniel Nauto,613,
614,3,Claudio Orlando Vidal,614,
615,3,Monica Alejandra Pereyra,615,
616,3,Sergio Edgardo Acevedo,616,
617,3,Monica Fein,617,
618,3,Gonzalo Saglione,618,
619,3,Carina Andrea Gerlero,619,
620,3,Ramiro Arola Lecour,620,
621,3,Gabriela Sosa,621,
622,3,Fabian Palo Oliver,622,
623,3,Andrea Uboldi,623,
624,3,Miguel Solis,624,
625,3,Ayelen Baracat,625,
626,3,Carla Deiana,626,
627,3,Octavio Crivaro,627,
628,3,Jimena Sosa,628,
629,3,Juan Jose Gauna,629,
630,3,Maria Elena Molina,630,
631,3,Facundo Fernandez,631,
632,3,Tamara Cañizalez,632,
633,3,Nicolás Rapanelli,633,
634,3,Roxana Rey,634,
635,3,Roberto Mario Mirabella,635,
636,3,Magali Mastaler,636,
637,3,Eduardo Leandro Toniolli,637,
638,3,Stella Maris Clerici,638,
639,3,Marcos Antonio Castello,639,
640,3,Maria Luz Rioja,640,
641,3,Diego Martin Mansilla,641,
642,3,Maria Haydee Maggio,642,
643,3,Oscar Ariel Martinez,643,
644,3,Mario Domingo Barletta,644,
645,3,Victoria Tejeda,645,
646,3,Luciano Laspina,646,
647,3,Germana Maria Figueroa Casas,647,
648,3,Gabriel Chumpitaz,648,
649,3,Gisela Scaglia,649,
650,3,German Cristian Pugnaloni,650,
651,3,Melina C. Giorgi,651,
652,3,Jorge Faurie,652,
653,3,Patricia Silva De Cattaneo,653,
654,3,Nahuel Rene Bay,654,
655,3,Gisela Weller,655,
656,3,Daniel Alejandro Caramutti,656,
657,3,Micaela Soledad Ortiz,657,
658,3,Rolando Omar Ramirez,658,
659,3,Maria Laura Dupertuis,659,
660,3,Roberto Rodolfo Torres,660,
661,3,Maria De Los Angeles Quiroga,661,
662,3,Luis Gustavo Contigiani,662,
663,3,Claudia Alicia Soria,663,
664,3,Mario Atilio Deschi,664,
665,3,Gabriela Liliana Arrieta,665,
666,3,Marcelo Andrada,666,
667,3,Maria Elena Ceferina Trucco,667,
668,3,Victor Omar Diaz,668,
669,3,Patricia Adriana Vispo,669,
670,3,Ariel Damian Steeman,670,
671,3,Carlos Del Frade,671,
672,3,Eliana Tedini,672,
673,3,Mauro Ivan Miguez,673,
674,3,Manuela Jesusa Bonis,674,
675,3,Hector Ariel D'orazio,675,
676,3,Marianela Scocco,676,
677,3,Alberto "luciano" Orellano,677,
678,3,Monica Roberts,678,
679,3,Carlos Alberto Manessi,679,
680,3,Coty Hernandez,680,
681,3,Belu Gomez,681,
682,3,Rauly Cerf,682,
683,3,Angie Ortiz,683,
684,3,Alejandro Haedo,684,
685,3,Tana Beltramino,685,
686,3,Mex Morilla,686,
687,3,Maria Jesus Temperini,687,
688,3,Brian Medina,688,
689,3,Alejandra "locomotora" Oliveras,689,
690,3,Cristian Fernando Hoffmann,690,
691,3,Rocio Belen Bonacci,691,
692,3,Juan Daniel Aguilar,692,
693,3,Marcela Viviana Giraudo,693,
694,3,Florentino Ramon Ramirez,694,
695,3,Mariela Alejandra Schefer,695,
696,3,Lucas Daniel Acosta,696,
697,3,Eva Maria Del Carmen Charras,697,
698,3,Silvia Noemi Del Valle Sayago,698,
699,3,Bernardo Jose Herrera,699,
700,3,Maria Luisa Montoto,700,
701,3,Guillermo Daniel Suarez Melean,701,
702,3,Alicia Del Valle Vazquez,702,
703,3,Hector Eduardo Ruiz,703,
704,3,Pablo Guillermo Mirolo,704,
705,3,Veronica Alejandra Larcher,705,
706,3,Julio Cesar Scabuzzo,706,
707,3,Facundo Jose Perez Carletti,707,
708,3,Luciana Rached,708,
709,3,Elidio Nicolas Mendoza,709,
710,3,Marianella Lezama Hid,710,
711,3,Patricio Nicolas Augusto,711,
712,3,Maria Alejandra Monjes Rosales,712,
713,3,Norma Valeria Morales,713,
714,3,Alvaro Fabian Reynoso,714,
715,3,Lucia De Los Angeles Santibañez,715,
716,3,Luciano Antonio Pavan,716,
717,3,Lorena Natalia Flores,717,
718,3,Anibal Ramon Caban,718,
719,3,Ines Carolina Yutrovic,719,
720,3,Guillermo Daniel Fernandez,720,
721,3,Tito Stefani,721,
722,3,Dalila Nora,722,
723,3,Eduardo Juan Cenatiempo,723,
724,3,Adriana Monica Blanco,724,
725,3,Javier Omar Giordano,725,
726,3,Gissel Teresita Bertotto Collazo,726,
727,3,Daniel Patricio Barria Carabajal,727,
728,3,Lucia Zulma Fernandez,728,
729,3,Samuel Martin Muñoz Letizia,729,
730,3,Barbara Veron,730,
731,3,Liliana Fadul "chispita",731,
732,3,Conrado Zamora,732,
733,3,Maria Florencia Guerra,733,
734,3,Guillermo Dalmacio Correa,734,
735,3,Yanina Luz Del Valle Muñoz,735,
736,3,Elvio Augusto Diaz,736,
737,3,Alejandra Arreguez,737,
738,3,Juan Jose Paz,738,
739,3,Clarisa "lita" Alberstein,739,
740,3,Victor Santillan,740,
741,3,Rossana Elena Chahla,741,
742,3,Agustin Fernandez,742,
743,3,Elia Maria Fernandez,743,
744,3,Oscar Alejandro Melo,744,
745,3,Nadima Del Valle Pecci,745,
746,3,Mario Gerardo Huesen,746,
747,3,Josefina Maria Bussi,747,
748,3,Gonzalo Marcos Cisneros,748,
749,3,Roberto Antonio Sanchez,749,
750,3,Paula Omodeo,750,
751,3,Alejandro Jose Molinuevo,751,
752,3,Ana Paula Quiles,752,
753,3,Jose Alberto Furque,753,
754,3,Claudia Josefina Acosta,754,
755,3,Fernando Daniel Baigorri,755,
756,3,Roxana Beatriz Diaz Vergara,756,
757,3,Ariel Antonio Lopez,757,
758,3,Paola Beatriz Diaz,758,
759,3,Lucia Benigna Corpacci,759,
760,3,Guillermo Eduardo Andrada,760,
761,3,Flavio Sergio Fama,761,
762,3,Silvina Maria Acevedo Liedelich,762,
763,3,Federico Norberto Massoni,763,
764,3,Rosa Rosario Muñoz,764,
765,3,Carlos Alberto Linares,765,
766,3,Maria Florencia Papaiani,766,
767,3,Gloria Saez,767,
768,3,Martin Nicolas Saez,768,
769,3,Ignacio "nacho" Torres,769,
770,3,Edith Elizabeth Terenzi,770,
771,3,Cesar Hernan Treffinger,771,
772,3,Andrea Alejandra Toro,772,
773,3,Juan Pablo Quinteros,773,
774,3,Elena Maria De Las Mercedes Vacchetta,774,
775,3,Laura Vilches,775,
776,3,Alfredo Leytes,776,
777,3,Carlos Alberto Caserio,777,
778,3,Gabriela Beatriz Estevez,778,
779,3,Alejandra Maria Vigo,779,
780,3,Eduardo Luis Accastello,780,
781,3,Luis Juez,781,
782,3,Carmen Alvarez,782,
783,3,Maria Eugenia Gordillo,783,
784,3,Enrique Jose Rigatuso,784,
785,3,Agustin Alejandro Spaccesi,785,
786,3,Ana Gabriela Nemer Pelliza,786,
787,3,Carlos Mauricio Espinola,787,
788,3,Ana Claudia Almiron,788,
789,3,Maria Eva Romero,789,
790,3,German Gustavo Peralta,790,
791,3,Jorge Americo Parthimos,791,
792,3,Mirta Teresa Toffaleti,792,
793,3,Eduardo "peteco" Vischi,793,
794,3,Mercedes Gabriela Valenzuela,794,
795,3,Claudia Eugenia Lupardo,795,
796,3,Gustavo Daniel Mrongowius,796,
797,3,Daniel Pali Bensusan,797,
798,3,Maria Luz Luchy Alonso,798,
799,3,Daniel Ricardo Kroneberger,799,
800,3,Maria Victoria Huala,800,
801,3,Maite Perez Garcia,801,
802,3,Victor Andres Balmaceda,802,
803,3,Luis Hernan Solana,803,
804,3,Hilda Graciela Somoza,804,
805,3,Alfredo Cornejo,805,
806,3,Mariana Juri,806,
807,3,Jorge David Jose Pujol,807,
808,3,Adriana Emilce Bonadeo,808,
809,3,Lautaro Jimenez,809,
810,3,Raquel Blas,810,
811,3,Anabel Fernandez Sagasti,811,
812,3,Martín Aveiro,812,
813,3,Gustavo Majstruk,813,
814,3,Myriam Alvarez,814,
815,3,Marcelo Martin Romano,815,
816,3,Elsa Maria Ivana Vercelli,816,
817,3,Maria Mercedes Llano,817,
818,3,Pedro Alberto Garcia Espetxe,818,
819,3,Clara Garcia,819,
820,3,Paco Garibaldi,820,
821,3,Irene Gamboa,821,
822,3,Luciano Caceres,822,
823,3,Marcelo Nestor Lewandowski,823,
824,3,Maria De Los Angeles Sacnun,824,
825,3,Carolina Losada,825,
826,3,Dionisio Fernando Scarpin,826,
827,3,Juan Domingo Argañaraz,827,
828,3,Maria Ines D'angelo,828,
829,3,Jorge Rosario Boasso,829,
830,3,Maria Virginia Borga,830,
831,3,Mercedes Meier,831,
832,3,Javier Barbona,832,
833,3,Patricia Frausin,833,
834,3,Bichi Sfiligoy,834,
835,3,Betina Ines Florito,835,
836,3,Ignacio De Biasi,836,
837,3,Federico Augusto Masso,837,
838,3,Maria Paula Betsabe Mercado,838,
839,3,Martin Correa,839,
840,3,Gabriela Gramajo,840,
841,3,Pablo Raul Yedlin,841,
842,3,Sandra Mariela Mendoza,842,
843,3,Ricardo Argentino Bussi,843,
844,3,Liliana Del Valle Leiva,844,
845,3,German Enrique Alfaro,845,
846,3,Beatriz Luisa Avila,846,
847,3,Leonel Blas De Rueda,847,
848,3,Laura Fernanda Llaneza,848,
849,3,Lucas Alejandro Boetti,849,
850,3,Graciela Otranto,850,
851,3,Andres Javier Maldonado,851,
852,3,Norma Beatriz Foscardo,852,
853,3,Ubaldo Alberto Juarez,853,
854,3,Elsa Graciela Marte,854,
856,3,Malena Guzman Rodriguez,856,
857,3,Facundo Luciano Berton,857,
858,3,Agustina Battilana,858,
859,3,Hector Eduardo Varela,859,
860,3,Anabela Lilian Amaya,860,
861,3,Eduardo O Landera,861,
862,3,Mirta Noemi Lavin,862,
863,3,Daniel Alejandro Duarte,863,
864,3,Maria Del Valle Cantaluppi Irigoyen,864,
865,3,Anibal Guilermo Lionti,865,
866,3,Alvarez Antonella Magali,866,
867,3,Buzzi Tomas Oriel,867,
868,3,Morales Gimena Florencia,868,
869,3,Veron Manuel Antonio,869,
870,3,Ceccatto Julieta,870,
871,3,Harrand Martin,871,
872,3,Hernandez Romina Elizabeth,872,
873,3,De Marco Juan Martin,873,
874,3,Marchesini Evangelina Mariel,874,
875,3,Romina Mariel Cayon,875,
876,3,Emilio Sucar Grau,876,
877,3,Maria Cristina Malegni,877,
878,3,Carlos Joaquin Delfino,878,
879,3,Maria Laura Andrade Moroni,879,
880,3,Pablo Antonio Zubiaurre,880,
881,3,Patricia Evelina Werenicz,881,
882,3,Adrian Eduardo Orsetti,882,
883,3,Maiten Agüero,883,
884,3,Hilario Galli,884,
885,3,Daniela Fernanda Moreira,885,
886,3,Alexis Ariel Cejas Caceres,886,
887,3,Rosalia Elizabeth Rodas,887,
888,3,Cristian Adrian Franco,888,
889,3,Rosa Morales,889,
890,3,Jorge Benjamin Gandolfo De La Fuente,890,
891,3,Valeria Ramona Coronel,891,
892,3,Luis Gustavo Urzua,892,
893,3,Gabriela Mabel Sironi,893,
894,3,Donald Cristian Schiffmacher,894,
895,3,Carlos Alberto Ortega,895,
896,3,Tania Alejandra Caputo,896,
897,3,Nicolas Marcelo Rodriguez Saa,897,
898,3,Maria Laura Braiza,898,
899,3,Carlos Alberto Grande,899,
900,3,Carolina Jimena Antognini,900,
901,3,Jorge Mario Smith,901,
902,3,Laura Vienni,902,
903,3,Armando Luis Mogliani,903,
904,3,Barbara Eva Compte,904,
905,3,Silvia Teresa Santillan,905,
906,3,Ramon Alberto Oyola,906,
907,3,Ana Maria Schmidt,907,
908,3,Sandra Paola Barrios,908,
909,3,Guido Ariel Llanos,909,
910,3,Jorge Facundo Perea,910,
911,3,Carla Pamela Reartes,911,
912,3,Luis Alberto Sachetti,912,
913,3,Enzo Daniel Carrizo,913,
914,3,Yanina Vanesa Vazquez,914,
915,3,Nicolas Fernando Veron,915,
916,3,Claudia Yanel Balmaceda,916,
917,3,Hector Orlando Savio,917,
918,3,Vilma Judith Chayle,918,
919,3,Oscar Sevilla,919,
920,3,Laura Bisonni,920,
921,3,Sergio Bermegui,921,
922,3,Ricardo Ernesto Lazdin,922,
923,3,Julieta Marisol Campo,923,
924,3,Gerardo Martin Stancheff,924,
925,3,Florencio Hector Benitez,925,
926,3,Patricia Vanina Cabrera,926,
927,3,Juan Carlos Aguirre,927,
928,3,Oscar Humberto Deniz,928,
929,3,Samanta Ariela Salas,929,
930,3,Angel Meza,930,
931,3,Benito Ramon Cesar Picon,931,
932,3,Laura Beatriz Pocardich,932,
933,3,Antonio Maria Hernandez Wallace,933,
934,3,Juan Fernando Gonzalez Raposeiras,934,
935,3,Alejandra Marlene Denice Johnson Taccari,935,
936,3,Natalia Soledad Ravarotto,936,
937,3,Guillermo Segundo Casanova,937,
938,3,Soledad Dominguez,938,
939,3,Daniel Catalan,939,
940,3,Maria Eugenia Dominguez,940,
941,3,Claudio Ramon Cabrera,941,
942,3,Rosa Isabel Mermoud,942,
943,3,Samuel Alfredo Alarcon Muñoz,943,
944,3,Maria Fernanda Acosta,944,
945,3,Denis Fernando Romero,945,
946,3,Lea Vanesa Grosman,946,
947,3,Rodrigo Martin Naranjo,947,
948,3,Patricia Cristina Quintela,948,
949,3,Fabian Emmanuel Dimotta,949,
950,3,Miriam Estela Picasso,950,
951,3,Maria De La Paz Benitez,951,
952,3,Adriano Andres Parra,952,
953,3,Paola Victoria Wilcke,953,
954,3,Matias Sergio Gonzalez,954,
955,3,Martha Hilda Urtubey,955,
956,3,Jorge Manuel De La Cera,956,
957,3,Lucia Anahi Rosenman Cordeu,957,
958,3,Roberto Arturo Martinez,958,
959,3,Pablo Daniel Carlos Sartore,959,
960,3,Alicia Navarro Palacios,960,
961,3,Alejandro Pablo Lipcovich,961,
962,3,Amanda Martin,962,
963,3,Reynaldo Andres Saccone,963,
964,3,Ana Maria Valverde,964,
965,3,Martin Brat,965,
966,3,Mariela Lorena Itabel,966,
967,3,Nina Isabel Brugo Marco,967,
968,3,Mariano Francisco Alberto Luongo,968,
969,3,Carina Mara Lopez Monja,969,
970,3,Julio Cesar Guarido,970,
971,3,Maria Eugenia Zelaya,971,
972,3,Luis Alberto Sanvitale,972,
973,3,Silvina Claudia Giaganti,973,
974,3,Alejandro Raul Barrios,974,
975,3,Sergio Fernando Abrevaya,975,
976,3,Ana Laura Mari Hernandez,976,
977,3,Agustin Rafael Fernandez Bertuzzi,977,
978,3,Maria Eugenia Talerico,978,
979,3,Juan Alfonsin,979,
980,3,Agustina Verguizas,980,
981,3,Franco Victorio Rinaldi Torres,981,
982,3,Camila Manfredi,982,
983,3,Noelia Perrin,983,
984,3,Juan Jose Sileone,984,
985,3,Gabriela Carolina Moretta,985,
986,3,Pablo Sebastian Montivero,986,
987,3,Laura Tavano Sanchez,987,
988,3,Julio Daniel Garay,988,
989,3,Nestor Juan Gea,989,
990,3,Marcela Martin,990,
991,3,Sergio Folchieri,991,
992,3,Rocio Belen Vieyra,992,
993,3,Juan Gabriel Ponce,993,
994,3,Mara Beltrame,994,
995,3,Glenda Silvana Henze,995,
996,3,Cesar Osvaldo "cabezon" Abramenia,996,
997,3,Maria Luz Calvetti,997,
998,3,Pablo Martin Tissera,998,
999,3,Sandra Leda Dal Bo,999,
1000,3,Facundo Matias Armella,1000,
1001,3,Gabriel Jose Musso,1001,
1002,3,Eva Beatriz Rosso,1002,
1003,3,Claudio Sebastian Farias,1003,
1004,3,Teresa De Los Angeles Gualda,1004,
1005,3,Sergio Nicolas Fittipaldi,1005,
1006,3,Ana Maria Zanotto,1006,
1007,3,Yanina Moreno Zamanillo,1007,
1008,3,Cesar Abdala,1008,
1009,3,Cecilia Roffe,1009,
1010,3,Ramon Mestre,1010,
1011,3,Beatriz Arias,1011,
1012,3,Martin Carranza Torres,1012,
1013,3,Daniela Del Valle Contardo,1013,
1014,3,Eduardo Agüero,1014,
1015,3,Nora Haidee Pucheta,1015,
1016,3,Edvar Jorge Almada,1016,
1017,3,Katerinne Charlotte Carnaghi,1017,
1018,3,Jose Luis Azcona,1018,
1019,3,Yanina Belen Casiva,1019,
1020,3,Lucas Julian Heredia,1020,
1021,3,Viviana Beatriz Boldetti,1021,
1022,3,Diego Hernan Zampini,1022,
1023,3,Maria Jose Itati Espindola,1023,
1024,3,Edgardo Daniel Solis,1024,
1025,3,Lilian Caruso,1025,
1026,3,Ivo Ivan Cantero,1026,
1027,3,Maria Hilda Almada,1027,
1028,3,Ramon Oscar Tuama,1028,
1029,3,Luisa "pelu" Sanchez,1029,
1030,3,Jose Miguel Martinoli,1030,
1031,3,Gisela Elizabeth Lescano,1031,
1032,3,Natalia Romero,1032,
1033,3,Eduardo Federico Herrera,1033,
1034,3,Marta Rachmanko,1034,
1035,3,Maria Tatiana Richardet,1035,
1036,3,Andrés Schiavoni,1036,
1037,3,Melisa Verónica Albornoz,1037,
1038,3,Mariana Salinas,1038,
1039,3,Mauricio German Davico,1039,
1040,3,Evangelina Ileana Muller,1040,
1041,3,Amelia Celina Silvestre,1041,
1042,3,Anibal Andres Escobar,1042,
1043,3,Maria Silvina Rode,1043,
1044,3,Gabriel Alfredo Geist,1044,
1045,3,Ivana Grisel Almada,1045,
1046,3,Diego Cristhian Brutti,1046,
1047,3,Samuel Carlos Madrid Paez,1047,
1048,3,Carina Andrea Godoy,1048,
1049,3,Gabino Miguel Turano,1049,
1050,3,Luis "toto" Diaz,1050,
1051,3,Monica Patricia Gomiero,1051,
1052,3,Roberto Antonio Planes,1052,
1053,3,Maria Fernanda Sanzberro,1053,
1054,3,Carlos Luis Maza,1054,
1055,3,Sofia Ariana Gan,1055,
1056,3,Adrian Andres Areco,1056,
1057,3,Cristina Susana Mirassou,1057,
1058,3,Sergio Daniel Atanasio,1058,
1059,3,Victoria Remigia Ocampo,1059,
1060,3,Cristobal Gomez,1060,
1061,3,Florencia Rolon,1061,
1062,3,Claudia Alejandra Machaca,1062,
1063,3,Jorge Daniel Toril,1063,
1064,3,María Agustina Guzman,1064,
1065,3,Betina Amelia Rivero,1065,
1066,3,Miguel Andres Lopez,1066,
1067,3,Ana Maria Diaz,1067,
1068,3,Juan Manuel Soler,1068,
1069,3,Fernanda Elizabeth Azcurra,1069,
1070,3,Ariel Adolfo Machaca,1070,
1071,3,Sandra Marisa Perez,1071,
1072,3,Matias Roman Camilletti,1072,
1073,3,Fiorela Antonela Rios,1073,
1074,3,Emanuel Gonzalez,1074,
1075,3,Maria Sofia Camon,1075,
1076,3,Gabriel Arletti,1076,
1077,3,Maria Florencia Zumel,1077,
1078,3,Lucas Andres Lazaric,1078,
1079,3,Maria Evangelina Ramis,1079,
1080,3,Franco Dario Casenave,1080,
1081,3,Pilar Garcia Martinez,1081,
1082,3,Dante Rambaldi Ferrero,1082,
1083,3,Marianela Soledad Quintero Martin,1083,
1084,3,Pablo Damian Salvadori,1084,
1085,3,Isabel Guadalupe Calderon Torres,1085,
1086,3,Horacio Pavon,1086,
1087,3,Allegri Claudia Andrea,1087,
1088,3,Jorge Hernan Salomon,1088,
1089,3,Marcos Fabian Villalon,1089,
1090,3,Rossana Marina Medina,1090,
1091,3,Carlos Alberto Menem,1091,
1092,3,Claudia Aguilar,1092,
1093,3,Maximino Abrego,1093,
1094,3,Silvia Fernandez,1094,
1095,3,Emilia Cabrera Horn,1095,
1096,3,Aldo Sebastian Saez,1096,
1097,3,Estefania Rodriguez,1097,
1098,3,Pablo Javier Quaglia,1098,
1099,3,Andrea Carolina Perez,1099,
1100,3,Manuel Gonzalo Vera Vazquez,1100,
1101,3,Nicolas Fabian Fernandez,1101,
1102,3,Virginia Pescarmona,1102,
1103,3,Nicolas Cortez,1103,
1104,3,Sofia Haudet,1104,
1105,3,Nicolas Guillen,1105,
1106,3,Consu Herrera,1106,
1107,3,Evelyn Vanina Soria,1107,
1108,3,Jorge Vicchi,1108,
1109,3,Maria Esther Lange,1109,
1110,3,Adriana Ester Ponce,1110,
1111,3,Mauricio Jesus Orefice,1111,
1112,3,Maria Jose Copello,1112,
1113,3,Luciano Orlando Grimalt,1113,
1114,3,Eliana Raquel Escudero,1114,
1115,3,Gabriela Lopez Gimenez,1115,
1116,3,Ladislao "rulo" De Lima,1116,
1117,3,Belén Rodríguez,1117,
1118,3,Martha Liliana Gomez,1118,
1119,3,H. Nicolas Acosta,1119,
1120,3,Paola Soledad Gomez,1120,
1121,3,Antonia Irene Husulak,1121,
1122,3,Diego J. Gonzalez,1122,
1123,3,Gabriela Alejandra Vera,1123,
1124,3,Natalia Raquel Rodriguez,1124,
1125,3,Marcelo Ricardo Strasser,1125,
1126,3,Maria Del Carmen Mendez Ason,1126,
1127,3,Claudio Stockmayer,1127,
1128,3,Sirley Viviana Fischer,1128,
1129,3,Nicolas Mikail Fischer,1129,
1130,3,Veronica Lichter,1130,
1131,3,Esteban Bosch,1131,
1132,3,Mary Lagos,1132,
1133,3,Marita Almeira,1133,
1134,3,Nico Medoro,1134,
1135,3,Lilia Estrella Vidal,1135,
1136,3,Priscila Otton Araneda,1136,
1137,3,Marina Catilao,1137,
1138,3,Gustavo Meliqueo,1138,
1139,3,Julieta Ocampo,1139,
1140,3,Pablo Todero,1140,
1141,3,Teresa Rioseco,1141,
1142,3,Fabian Ungar,1142,
1143,3,Ailin Aroca,1143,
1144,3,Willy Hoingo,1144,
1145,3,Claudia Riquelme,1145,
1146,3,Monica Guanque,1146,
1147,3,Alan Traballoni,1147,
1148,3,Maria Eugenia "mage" Ferraresso,1148,
1149,3,Raúl Alberto Puel,1149,
1150,3,Marcela Natali Jara,1150,
1151,3,Ceferino "chefy" Muñoz,1151,
1152,3,Laura Santillan,1152,
1153,3,Cristian Silvestre,1153,
1154,3,Ayelen Sposito,1154,
1155,3,Anselmo Torres,1155,
1156,3,Miguel Martinez,1156,
1157,3,Patricia Maizon,1157,
1158,3,Lucas Romeo Pica,1158,
1159,3,Marcela Alejandra Avila,1159,
1160,3,Laura Onella Sanchez,1160,
1161,3,Ricardo Omar Chaves,1161,
1162,3,Fernando Luis Nahuelpan,1162,
1163,3,Analia Abuin,1163,
1164,3,Octorina Zamora,1164,
1165,3,Emiliano Venier,1165,
1166,3,Cristina "cocó" Rossetto,1166,
1167,3,Carlos Zarzuri,1167,
1168,3,Daniela Planes,1168,
1169,3,César Daza,1169,
1170,3,Monica Goicoechea,1170,
1171,3,Marcelo Moises,1171,
1172,3,Maria Kitty Blanco,1172,
1173,3,Silvina Patricia De Paul,1173,
1174,3,Domingo Salvador Porcara,1174,
1175,3,Maria Delia Rodriguez,1175,
1176,3,Graciela Angelica Lena,1176,
1177,3,Gonzalo Guzman Coraita,1177,
1178,3,Maria Dolores Pistone,1178,
1179,3,Georgia Del Milagro Romero,1179,
1180,3,Carlos Alejandro Lopez,1180,
1181,3,Marta Alicia Liendro,1181,
1182,3,Claudia Silvina Vargas,1182,
1183,3,Alberto Ramon Castillo,1183,
1184,3,Maria Figallo,1184,
1185,3,Maria Isabel Villalba,1185,
1186,3,Delfor Luis Luna,1186,
1187,3,Dora Virginia Romero,1187,
1188,3,Gloria Cimino,1188,
1189,3,Franco Lategano,1189,
1190,3,Laura Fernandez,1190,
1191,3,Maria Veronica Benavente Fager,1191,
1192,3,Marcelo Gustavo Trujillo,1192,
1193,3,Noelia Daiana Tortarolo Cozza,1193,
1194,3,Gustavo Emilio Fernandez,1194,
1195,3,Maria De Los Angeles Moreno,1195,
1196,3,Franco Raul Marchese,1196,
1197,3,Ramón "moncho" Molina,1197,
1198,3,Eleonora "loli" De Panis,1198,
1199,3,Iván Amado,1199,
1200,3,Fabian Antonio Filomena Baigorria,1200,
1201,3,Gladys Onelia Bailac,1201,
1202,3,Enzo Wilfredo Mirabile Ochoa,1202,
1203,3,Charo Domeniconi,1203,
1204,3,Alberto Gustavo Arancibia Rodriguez,1204,
1205,3,Monica Mariela Becerra,1205,
1206,3,Iris Del Valle Avila,1206,
1207,3,Rubens Hector Olguin,1207,
1208,3,Teresa Juana Coppolino,1208,
1209,3,Elvira Elida Quiroga,1209,
1210,3,Franco Ernesto Rubira,1210,
1211,3,Nery Nelva Carlomagno,1211,
1212,3,Omar Fernández,1212,
1213,3,Andrea Gallegos,1213,
1214,3,Fernando Cervo,1214,
1215,3,Adriana Esther Astolfo,1215,
1216,3,Luis Fernando Diaz,1216,
1217,3,Maria Cecilia Argañaras,1217,
1218,3,Karina Alejandra Nieto,1218,
1219,3,Claudio Alejandrino Barria Peralta,1219,
1220,3,Marta Adriana Garzon,1220,
1221,3,Sharon Antonella Zapata,1221,
1222,3,Walter Sanchez,1222,
1223,3,Fabiana Sandra Heredia,1223,
1224,3,Barbara Silvana De Cristofaro,1224,
1225,3,Carlos Facundo Prades,1225,
1226,3,Jazmin Maria Victorina Macchiavelli,1226,
1227,3,Diego Manuel Martin,1227,
1228,3,Silvia Alejandra Virili,1228,
1229,3,Marcelo Heladio Dellaporta,1229,
1230,3,Agustina Micaela Donnet,1230,
1231,3,Matías Ezequiel Figueroa Escauriza,1231,
1232,3,Elisabet Adriana Crettaz,1232,
1233,3,Juan Carlos Bernasconi,1233,
1234,3,Florencia Anahi Suarez,1234,
1235,3,Daniel Dario Zarza,1235,
1236,3,Esilda Otilia Alarcon,1236,
1237,3,Luciano Molina,1237,
1238,3,Carla Canzani,1238,
1239,3,Maria Soledad Senn,1239,
1240,3,Rolvider Antonio Santacroce,1240,
1241,3,Patricia Monica Mounier,1241,
1242,3,Carlos Federico Kaufmann,1242,
1243,3,Maria Marcela Del Puerto,1243,
1244,3,Juan Andres Gonzalez Utges,1244,
1245,3,Maria Fernanda Castellani,1245,
1246,3,Rodrigo L. Borla,1246,
1247,3,Sandra Mariana Passarino,1247,
1248,3,Arnaldo Ghione,1248,
1249,3,Maria Laura Spina,1249,
1250,3,Daniel Horacio Bailat,1250,
1251,3,Luis Gabriel Mayer Mathier,1251,
1252,3,Yanina Paola Saucedo,1252,
1253,3,Luis Alberto Miraglio,1253,
1254,3,Vanesa Alejandra "mamucha" De Marco,1254,
1255,3,Erio Roque Molina,1255,
1256,3,Rosa Beatriz Godoy,1256,
1257,3,Maria Cristina Mangiarotti,1257,
1258,3,Gustavo Arnaldo Altamirano,1258,
1259,3,Romina Soledad Andrada,1259,
1260,3,Ariel Jesus Rolfo,1260,
1261,3,Maria Laura Cecchini Varela,1261,
1262,3,Jose Sebastian Cano,1262,
1263,3,Lucila Kessler,1263,
1264,3,Victor Secreto,1264,
1265,3,Luciana Maria Lacorazza,1265,
1266,3,Mauricio Jose Cornaglia,1266,
1267,3,Maria Paz Infante,1267,
1268,3,Pablo Payro,1268,
1269,3,Kicha Schenquer,1269,
1270,3,Francisco Ruben Ceconi,1270,
1271,3,Delfi De Iriondo,1271,
1272,3,Leonardo Andres Casco Pereyra,1272,
1273,3,Flor Melian,1273,
1274,3,Japo Binetti,1274,
1275,3,Ricardo Jose Alberto Aragon,1275,
1276,3,Gladys Del Valle Gomez,1276,
1277,3,Ariel Sebastian Giannelli,1277,
1278,3,Noelia Alcira Repetto,1278,
1279,3,Hector Eduardo Oronao,1279,
1280,3,Maria Alejandrina Pautasso,1280,
1281,3,Jose Edgardo Gomez,1281,
1282,3,Nilda Moyano,1282,
1283,3,Gerardo Zamora,1283,
1284,3,Norma Beatriz Lujan,1284,
1285,3,Carlos Roberto Carabajal,1285,
1286,3,Rossana Marisa Gerez,1286,
1287,3,Ana Eugenia Maria Monaco Czekaj,1287,
1288,3,Ramon Leopoldo Vargas,1288,
1289,3,Claudia Maria Eugenia Acuña,1289,
1290,3,Ivana Sanchez,1290,
1291,3,Miguel Eduardo Cabrera,1291,
1292,3,Nelida Clementina Arias Rivero,1292,
1293,3,Ramon Orlando Guzman,1293,
1294,3,Florencia Sol Parrado,1294,
1295,3,Eber Daniel Varela,1295,
1296,3,Esteban Leonardo Acuña,1296,
1297,3,Marcela Alejandra Costas,1297,
1298,3,Pablo Leonel Nieva Sosa,1298,
1299,3,Pascuala Del Valle Guardo,1299,
1300,3,Gustavo Daniel Terrera,1300,
1301,3,Maria Cristina Coria,1301,
1302,3,Susana Antonia Donatti,1302,
1303,3,Norberto Fernando Davila,1303,
1304,3,Ricardo Garramuño,1304,
1305,3,Analia Casal,1305,
1306,3,Felipe Sebastian Fernandez,1306,
1307,3,Melisa Noelia Costa,1307,
1308,3,Luis Alberto Garay,1308,
1309,3,Elena Del Valle Nieva,1309,
1310,3,Victor Hugo Iglesias,1310,
1311,3,Claudia Veronica De Bueno,1311,
1312,3,Gaston Lucas Porfirio,1312,
1313,3,Romina Gabriela Herrera,1313,
1314,3,Daniela Galván Simón,1314,
1315,3,Hugo Alberto Peralta,1315,
1316,3,Veronica Carolina Jerez,1316,
1317,3,Jose Enrique Argañaraz,1317,
1318,3,Maria Milsa Barros,1318,
1319,3,Karen Tejerina,1319,
1320,3,Cristian Luna,1320,
1321,3,Marta Navarro,1321,
1322,3,Irma Ines Gramajo,1322,
1323,3,Carlos Eliezer Funez,1323,
1324,3,Sandra Beatriz Figueroa,1324,
1325,3,Maria Luciana Stakelun,1325,
1326,3,Victor Alejandro Davalos,1326,
1327,3,Blanca Lorena Palomino,1327,
1328,3,Javier Jantus,1328,
1329,3,Karina Roxana Ayala,1329,
1330,3,Dario Victor Huesen,1330,
1331,3,Juan Manuel Reales,1331,
1332,3,Anabella Rosa Del Valle Zapata,1332,
1333,3,Miguel Alberto Quintero,1333,
1334,3,Mario Arnoldo Del Valle Alanis,1334,
1335,3,Paola Nicolasa Velez,1335,
1336,3,Andrea Valeria Segura,1336,
1337,3,Jorge Manuel Moreno,1337,
1338,3,Bernardo David Quintar,1338,
1339,3,Johana Maribel Brizuela,1339,
1340,3,Marcelo Horacio Limarieri,1340,
1341,3,Ivana Papaianni,1341,
1342,3,Emanuel Rene Coliñir,1342,
1343,3,Monica Beatriz Montes Roberts,1343,
1344,3,Julieta Rusconi,1344,
1345,3,Daniel Ruiz,1345,
1346,3,Matias Federico Taccetta,1346,
1347,3,Andrea Marcela Cristina,1347,
1348,3,Ruben Armando Paillacar Vasquez,1348,
1349,3,Vanesa Elizabeth Nieva,1349,
1350,3,Cesar Augusto Orgaz,1350,
1351,3,Graciela Beatriz Lopez,1351,
1352,3,Ana Pereyra,1352,
1353,3,Nahuel Rodriguez Ricciardi,1353,
1354,3,Thiago Galvan,1354,
1355,3,Maria Ana Mandakovic,1355,
1356,3,Julieta Aquino,1356,
1357,3,Isaac "chachi" Lopez,1357,
1358,3,Ernesto Martinez,1358,
1359,3,Amalia Vagni,1359,
1360,3,Marcela Beatriz Zadoff,1360,
1361,3,Humberto Antonio Romero,1361,
1362,3,Jorge Domingo Gimenez,1362,
1363,3,Debora Soledad Carana,1363,
1364,3,Luis Gonzalo Omar Molina,1364,
1365,3,Cristina Natalia Martelli,1365,
1366,3,Maria Del Rosario Aguirre,1366,
1367,3,Victor Omar Lobo Rojas,1367,
1368,3,Miguel Angel Soto,1368,
1369,3,Maria Mercedes "mechi" Silva,1369,
1370,3,Adan Gaya,1370,
1371,3,Rosalia Carolina Diaz,1371,
1372,3,Andrea Marina D'atri,1372,
1373,3,Juan Salvador Pumilla,1373,
1374,3,Marcos Miguel,1374,
1375,3,Melina Delu,1375,
1376,3,Gustavo Alberto Gheller,1376,
1377,3,Marina Elisabet Alvarez,1377,
1378,3,Aurelia Marcela Garcia,1378,
1379,3,Carlos Javier Perez,1379,
1380,3,Gisela Ascarate,1380,
1381,3,Rodolfo Suarez,1381,
1382,3,Ida Lopez,1382,
1383,3,Sergio Nicolas Valente,1383,
1384,3,Carina Soledad Chatard,1384,
1385,3,Alejandro Gonzalez,1385,
1386,3,Veronica Torres,1386,
1387,3,Marina Femenia,1387,
1388,3,Jorge Omar Gimenez,1388,
1389,3,Pedro Giunta,1389,
1390,3,Victoria Leon,1390,
1391,3,Gustavo Roman Milia,1391,
1392,3,Maria Angela Pascale,1392,
1393,3,Alicia Susana Groisman,1393,
1394,3,Federico Balter Day,1394,
1395,3,Erica Hynes,1395,
1396,3,Pablo Seghezzo,1396,
1397,3,Larisa Ivon Aguirre,1397,
1398,3,Sebastian Romero,1398,
1399,3,Omar Angel Perotti,1399,
1400,3,Josefina Victoria Gonzalez,1400,
1401,3,Rossana Elena Ingaramo,1401,
1402,3,Eduardo Horacio Galaretto,1402,
1403,3,Nestor Nicolas Fandos,1403,
1404,3,Mariana Patricia Ardissono,1404,
1405,3,Roberto Bereciartua,1405,
1406,3,Andrea Cecilia Pastorutti,1406,
1407,3,Mirta Rosa Patricia Sellares,1407,
1408,3,German Carlos Boero,1408,
1409,3,Analia Sales,1409,
1410,3,Claudio "pony" Ramirez,1410,
1411,3,Gladiz Nanci Gonzalez Triunfini,1411,
1412,3,Fernando Silvio Giusti,1412,
1413,3,Jose Miguel Vera,1413,
1414,3,Maria Guadalupe Anfuso Del Pino,1414,
1415,3,Ivan Orellana,1415,
1416,3,Pia Mustaqui,1416,
1417,3,Juan Luis Manzur,1417,
1418,3,Sara Alejandra Assan,1418,
1419,3,Ramiro Ortega,1419,
1420,3,Maria Belen Espinosa,1420,
1421,3,Rolando Rene Alfaro,1421,
1422,3,Carolina Smidt,1422,
